#,Co.,Symbol,Weight,Sector,Total Returns - 2019,Total Returns - Q4 2019,Total Returns - Q1,Total Returns - Q2,Total Returns - Q3,Dividends Yield,R&D,Total Assets,R&D / Assets,EPS,Volatility,Book-to-Market,
1,Apple Inc.,AAPL,6.718253,Information Technology,-5.123198,0.14520884,88.087975,27.583134,82.207886,1.243238879,16217,338516,0.047906155,2.9714,8.020339,10.74473664,
2,Microsoft Corporation,MSFT,5.721519,Information Technology,20.750523,20.153976,57.12316,29.432022,52.336395,1.261809651,16876,286556,0.058892503,5.06,4.5302978,10.00543741,
3,Amazon.com Inc.,AMZN,4.950796,Consumer Discretionary,28.431679,-13.406271,23.027754,5.1543713,49.761475,0,35931,225248,0.15951751,22.9921,7.9216886,14.82797855,
4,Facebook Inc. Class A,FB,2.250228,Communication Services,-25.711214,8.230734,56.57183,-5.3941846,23.082901,0,13600,133376,0.10196737,6.4273,8.048357,5.792675011,
5,Alphabet Inc. Class A,GOOGL,1.666651,Communication Services,-0.8012235,-0.2093494,28.1762,-8.080202,31.090904,0,26018,275909,0.094299207,49.1628,5.337694,4.576746693,
6,Alphabet Inc. Class C,GOOG,1.627429,Communication Services,-1.0311604,0.8190274,29.104591,-7.4353514,30.975008,0,26018,275909,0.094299207,49.1628,5.234583,4.568648313,
7,Berkshire Hathaway Inc. Class B,BRK.B,1.446138,Financials,3.0067563,-3.7573278,10.93154,-14.170736,-17.067373,0,#N/A,817729,#N/A,33.2187,4.0678406,1.299649405,
8,Johnson & Johnson,JNJ,1.411808,Health Care,-5.1030636,-4.295224,15.939546,-4.5833883,3.5017252,3.085417343,11250,157728,0.07132532,5.6324,4.4276896,6.451681443,
9,Procter & Gamble Company,PG,1.206239,Consumer Staples,3.1358242,51.51931,39.093674,8.368969,11.329901,2.712363636,1861,115095,0.016169251,1.43,4.2171288,5.930331985,
10,Visa Inc. Class A,V,1.198745,Information Technology,16.488338,16.24776,43.20903,-1.9394577,12.067377,0.682720953,#N/A,72574,#N/A,5.1276,4.016519,12.71200845,
11,Home Depot Inc.,HD,1.094392,Consumer Discretionary,-7.1703615,13.771677,30.264223,-5.8423576,20.729494,2.384918895,#N/A,44003,#N/A,9.73,5.218022,#N/A,
12,NVIDIA Corporation,NVDA,1.077088,Information Technology,-30.692513,-39.646114,76.73409,33.70091,129.78879,0.255509422,2376,13292,0.178754138,6.63,13.338575,10.38866517,
13,UnitedHealth Group Incorporated,UNH,1.072735,Health Care,14.564991,-17.81122,19.669247,-1.5883327,24.554897,1.732296094,#N/A,176757,#N/A,14.3261,6.122915,4.837077305,
14,JPMorgan Chase & Co.,JPM,1.069609,Financials,-6.3961086,4.625559,46.179043,-16.131496,-14.883882,3.887593025,#N/A,2687379,#N/A,10.7238,5.7348394,1.834591204,
15,Mastercard Incorporated Class A,MA,1.042764,Information Technology,25.297308,21.633827,58.976948,-3.7858188,13.442302,0.604404703,#N/A,29236,#N/A,7.9432,4.3979163,51.02323292,
16,Verizon Communications Inc.,VZ,0.874327,Communication Services,10.698104,15.638924,13.522768,-6.32087,0.8074403,4.555183324,#N/A,291727,#N/A,4.6534,4.6939387,4.136164697,
17,Walt Disney Company,DIS,0.831403,Communication Services,3.5903573,12.964571,33.506607,-14.069861,-18.976343,1.825726141,#N/A,193984,#N/A,6.635,6.1508656,2.634966508,
18,PayPal Holdings Inc,PYPL,0.815667,Information Technology,14.221668,17.110216,28.63599,-13.424921,54.24671,0,2085,51333,0.040617147,2.0699,5.8969665,7.514566115,
19,Adobe Inc.,ADBE,0.796274,Information Technology,29.102945,-1.0091126,45.778812,10.669792,46.130848,0,1930.228,21209.668,0.091006988,6.0041,6.2994976,14.17817606,
20,Netflix Inc.,NFLX,0.772347,Communication Services,39.43529,-29.323864,20.888435,-0.7848263,29.642284,0,1545.149,33975.712,0.045478046,4.1325,11.492582,18.72615608,
21,Merck & Co. Inc.,MRK,0.761818,Health Care,39.32824,19.963657,21.986639,-8.619446,-5.0147476,3.015336626,8811,84397,0.104399445,3.8151,4.824935,8.913555661,
22,Pfizer Inc.,PFE,0.760781,Health Care,24.268353,-16.760784,-6.941581,-22.478985,-19.533926,4.789644013,8620,167489,0.051466066,2.8675,4.417134,3.434805326,
23,AT&T Inc.,T,0.757819,Communication Services,-21.45062,17.766487,44.07848,-5.790305,-4.397249,7.066895369,1276,551669,0.002312981,1.8945,5.090182,1.538955904,
24,Intel Corporation,INTC,0.735432,Information Technology,4.267764,11.959087,30.215216,-2.485782,25.078047,2.434599962,13362,136524,0.097872901,4.7056,6.3678994,3.325547154,
25,Bank of America Corp,BAC,0.71171,Financials,-14.701902,-1.9561529,45.61689,-28.311146,-18.490822,3.250117758,#N/A,2444325,#N/A,2.7532,6.889892,1.289136663,
26,Comcast Corporation Class A,CMCSA,0.708041,Communication Services,-12.69039,28.181303,33.920715,-16.918886,-4.49543,2.501454334,#N/A,263414,#N/A,2.8323,6.02166,2.475037728,
27,PepsiCo Inc.,PEP,0.683444,Consumer Staples,-4.880333,27.48171,27.138388,-0.049179792,3.3195615,3.675550852,711,78547,0.009051905,5.1983,4.228569,12.93914444,
28,Walmart Inc.,WMT,0.681027,Consumer Staples,-3.5645604,27.076267,29.85506,18.861176,10.133791,1.851690104,#N/A,219295,#N/A,2.26,5.335022,3.804329703,
29,Coca-Cola Company,KO,0.668234,Consumer Staples,6.604171,21.652603,20.274555,-6.399834,-9.999996,3.760803551,#N/A,86381,#N/A,2.0677,3.4104772,12.48080527,
30,salesforce.com inc.,CRM,0.656267,Information Technology,33.982193,-7.612908,18.741333,-16.825909,24.555374,0,1886,30737,0.061359274,1.43,5.7570124,7.498681304,
31,Exxon Mobil Corporation,XOM,0.640529,Energy,-14.610231,-15.7091255,7.3617697,-49.822594,-38.36207,9.165130366,1214,362597,0.00334807,3.3583,5.5806293,1.541604431,
32,Abbott Laboratories,ABT,0.637599,Health Care,28.701603,12.08849,21.858143,-2.221948,10.072195,1.723482448,2408,67887,0.035470709,2.0584,4.312626,4.924441068,
33,Cisco Systems Inc.,CSCO,0.635635,Information Technology,16.4752,0.4706502,13.870287,-27.737354,-13.280964,2.86591607,6577,97793,0.067254302,2.61,6.206662,7.156547741,
34,AbbVie Inc.,ABBV,0.601846,Health Care,-0.96163154,-18.526316,0.68336725,-3.676653,41.19891,5.906286914,5377,89115,0.060337766,5.2844,8.627319,#N/A,
35,Thermo Fisher Scientific Inc.,TMO,0.588434,Health Care,18.216753,15.947044,45.506954,-0.07240772,20.43351,0.28796384,1003,58381,0.017180247,9.1712,5.5654893,4.365249673,
36,Chevron Corporation,CVX,0.58412,Energy,-9.521526,-2.9664755,15.148449,-41.235798,-25.841076,6.707148772,500,237428,0.002105902,1.543,4.986476,1.572812979,
37,McDonald's Corporation,MCD,0.558341,Consumer Discretionary,5.6007504,28.193438,13.94943,-13.482666,-8.109546,2.915028727,0,47510.8,0,7.8774,3.979597,#N/A,
38,Costco Wholesale Corporation,COST,0.537156,Consumer Staples,10.638309,22.041344,45.52059,18.506073,16.63822,0.816813798,0,45400,0,8.261,5.4133034,8.501205414,
39,Accenture Plc Class A,ACN,0.532732,Information Technology,-6.068325,10.967672,50.932564,-10.537666,16.118156,1.694445983,799.734,29789.88,0.026845828,7.3605,4.851486,8.743934687,
40,Bristol-Myers Squibb Company,BMY,0.509194,Health Care,-12.565273,-15.813202,26.644875,19.983006,32.41663,3.085755292,5949,129944,0.04578126,2.0088,7.591363,2.771721788,
41,Amgen Inc.,AMGN,0.507219,Health Care,14.979876,-3.89058,26.814615,6.252277,40.177082,2.934938095,4116,59707,0.068936641,12.8768,6.1819444,14.73884361,
42,NextEra Energy Inc.,NEE,0.49463,Utilities,14.130222,41.85879,42.193077,17.265999,23.301638,2.140304214,#N/A,117691,#N/A,1.9408,3.0049005,3.200006766,
43,Medtronic Plc,MDT,0.486279,Health Care,15.071201,10.865414,27.055847,-4.873747,-3.0988753,1.77762871,2330,89694,0.025977211,3.41,4.4346833,2.337943825,
44,NIKE Inc. Class B,NKE,0.473011,Consumer Discretionary,19.840134,10.300732,37.867546,-5.9486094,15.156305,1.040501231,#N/A,23717,#N/A,2.4895,6.3210955,13.3800264,
45,Broadcom Inc.,AVGO,0.469088,Information Technology,2.0552754,14.404249,28.684914,-23.009253,8.25038,3.670205794,4696,67493,0.069577586,6.432,7.2888684,4.727659462,
46,Danaher Corporation,DHR,0.466578,Health Care,11.786259,30.469395,49.49573,-1.8434286,23.51389,0.51054384,1126,62081.6,0.018137419,3.4327,4.82747,3.723111869,
47,Linde plc,LIN,0.462932,Materials,3.012681,13.696933,38.68239,-6.8648815,7.6088667,2.073988439,184,86612,0.002124417,4.1914,3.8725297,2.318327868,
48,Union Pacific Corporation,UNP,0.46201,Industrials,5.3616643,-2.9336631,33.46597,-17.926508,-0.43148398,2.687180942,#N/A,62206,#N/A,8.3827,5.6577244,6.90229957,
49,Eli Lilly and Company,LLY,0.4591,Health Care,39.675594,5.4437757,15.8053875,7.7837944,47.303535,1.928344867,5595,39286.1,0.142416784,4.9567,5.0202503,48.27477282,
50,Texas Instruments Incorporated,TXN,0.456484,Information Technology,-6.999236,22.210873,39.153435,-7.741165,9.454727,3.342339638,1544,18018,0.085692086,5.2374,6.1223183,13.42431466,
51,QUALCOMM Incorporated,QCOM,0.44995,Information Technology,-7.3102117,7.3691487,59.39202,18.284035,19.053162,3.724282925,5398,32957,0.16378918,3.5951,13.15589,17.8735533,
52,Philip Morris International Inc.,PM,0.440201,Consumer Staples,-32.560337,0.73331594,34.37686,-14.092964,-4.244685,6.373355263,465,42875,0.010845481,4.6067,8.142862,#N/A,
53,Lowe's Companies Inc.,LOW,0.42566,Consumer Discretionary,1.2911558,-2.244234,31.896925,-24.217392,34.86303,1.832415692,0,34641,0,2.84,7.650306,21.34609424,
54,Oracle Corporation,ORCL,0.410051,Information Technology,-2.8976202,5.521226,19.357693,-8.995974,-2.6891887,1.940962394,6026,108709,0.055432393,2.97,5.7412987,7.802392837,
55,United Parcel Service Inc. Class B,UPS,0.402208,Industrials,-15.090227,1.8218994,23.961853,-17.609024,14.946091,4.16399058,#N/A,57857,#N/A,5.11,7.3367376,30.69283047,
56,American Tower Corporation,AMT,0.399721,Real Estate,13.08614,55.870308,47.67052,9.474838,33.232834,1.818599311,#N/A,42801.6,#N/A,4.2373,4.9269843,20.13391656,
57,International Business Machines Corporation,IBM,0.396001,Information Technology,-21.861559,-1.9346356,23.577023,-22.107464,-10.616243,5.84152168,5602,152186,0.036810219,10.5632,7.1478357,5.705497735,
58,Honeywell International Inc.,HON,0.394365,Industrials,-7.940185,3.922522,36.512268,-17.538857,-16.50359,2.571193662,1556,58679,0.026517153,8.4116,4.8123016,6.805705565,
59,Citigroup Inc.,C,0.374165,Financials,-27.966673,-2.669263,57.145596,-37.088257,-25.940067,4.700854701,#N/A,1957037,#N/A,8.0214,7.927795,0.963684684,
60,Lockheed Martin Corporation,LMT,0.343957,Industrials,-15.888489,12.950873,52.14635,14.272558,2.3100138,2.640794535,1300,47528,0.027352298,21.9521,5.9266806,34.99066778,
61,Advanced Micro Devices Inc.,AMD,0.339206,Information Technology,79.571976,-8.465946,148.42906,65.62973,68.52565,0,1543,6028,0.25597213,0.3045,17.338234,19.11233983,
62,3M Company,MMM,0.337578,Industrials,-16.735357,-22.682499,-4.3875275,-34.448425,-7.598418,4.241447513,1874,44659,0.041962426,7.8106,6.1569824,10.08387991,
63,Starbucks Corporation,SBUX,0.329427,Consumer Discretionary,14.434969,58.240364,38.835396,-13.25041,-10.5618,2.321374736,0,19219.6,0,2.9186,5.731743,#N/A,
64,Charter Communications Inc. Class A,CHTR,0.328607,Communication Services,-15.177399,26.123333,70.22142,22.474146,31.218887,0,#N/A,150645,#N/A,7.4535,7.5439787,3.239152099,
65,Raytheon Technologies Corporation,RTX,0.326098,Industrials,-14.309782,-2.973324,43.407204,-29.191381,-17.00909,3.116717905,3015,139716,0.02157949,6.4093,5.6564746,3.098756731,
66,Boeing Company,BA,0.325833,Industrials,11.674738,0.1373291,3.5596967,-64.51959,-47.68417,5.511599839,3219,133625,0.024089804,-1.1249,8.737525,#N/A,
67,BlackRock Inc.,BLK,0.324515,Financials,-21.192896,-5.6497755,31.33242,-3.4946084,18.025923,3.075209673,#N/A,168622,#N/A,28.4264,6.3822575,2.313312846,
68,Wells Fargo & Company,WFC,0.320235,Financials,-21.344978,-2.5837302,20.920134,-41.507893,-43.11176,6.898954704,#N/A,1918796,#N/A,4.0534,5.9966903,1.343213526,
69,Fidelity National Information Services Inc.,FIS,0.317233,Information Technology,10.351801,23.745096,36.99658,1.9159794,10.989809,1.150937192,#N/A,83806,#N/A,0.6607,3.6517317,1.72737182,
70,Gilead Sciences Inc.,GILD,0.310231,Health Care,-9.505862,-15.751666,7.913673,13.964785,15.99586,3.437667202,8306,61627,0.134778587,4.2177,6.7528133,3.652149867,
71,S&P Global Inc.,SPGI,0.309732,Financials,1.4994144,22.892534,62.016,11.183655,45.096016,0.971230361,0,11348,0,8.5986,4.6858487,139.0905247,
72,CVS Health Corporation,CVS,0.304181,Health Care,-6.8689704,-19.056606,16.437744,11.348963,21.172392,3.370975898,#N/A,224294,#N/A,5.0797,8.358477,1.514555657,
73,ServiceNow Inc.,NOW,0.297936,Information Technology,36.55188,28.528858,58.562206,11.126041,47.010685,0,748.369,6022.43,0.124263628,3.1776,7.230181,25.1363347,
74,Mondelez International Inc. Class A,MDLZ,0.292788,Consumer Staples,-4.2289734,30.060696,40.319763,0.21131039,-4.5512676,2.2264377,351,64549,0.005437729,2.6543,4.8789496,2.8978965,
75,Intuitive Surgical Inc.,ISRG,0.288291,Health Care,31.232536,-8.027983,23.433983,-20.37738,8.734012,0,551.5,9733.2,0.056661735,11.5423,6.649402,8.298046341,
76,Intuit Inc.,INTU,0.287599,Information Technology,25.801754,16.889154,34.04622,-17.170275,15.30658,0.71331764,1233,6283,0.196243833,5.8977,5.6315823,19.24526312,
77,Altria Group Inc,MO,0.286743,Consumer Staples,-26.634932,-26.404774,7.693863,-29.10099,-10.673094,8.58546677,168,49271,0.003409714,-0.6956,6.6192355,14.90384615,
78,Becton Dickinson and Company,BDX,0.276225,Health Care,6.6710353,-4.0320754,22.079706,-9.097422,-3.881365,1.357879619,1062,51765,0.020515793,3.94,5.824571,3.245282051,
79,Prologis Inc.,PLD,0.271747,Real Estate,-5.99907,28.37597,55.415524,4.459214,21.834337,2.700012442,#N/A,40031.85,#N/A,2.3965,5.0621443,2.566910582,
80,Zoetis Inc. Class A,ZTS,0.270736,Health Care,19.439209,37.178707,55.489838,10.904074,21.438766,0.61857422,457,11545,0.039584236,3.1134,4.862165,23.24082659,
81,Caterpillar Inc.,CAT,0.267385,Industrials,-17.280113,-17.270815,19.194138,-17.789661,-4.699862,3.403998621,1693,78453,0.021579799,10.7366,7.5568647,5.568700944,
82,Booking Holdings Inc.,BKNG,0.259973,Consumer Discretionary,-0.8816004,-0.5620301,19.235146,-27.716673,-12.622601,0,#N/A,21402,#N/A,111.816,6.048726,14.3367872,
83,Anthem Inc.,ANTM,0.254347,Health Care,18.05253,-12.53078,16.220547,-24.513573,-3.7280679,1.475510923,#N/A,78254,#N/A,18.4672,6.765583,2.407655072,
84,Vertex Pharmaceuticals Incorporated,VRTX,0.251152,Health Care,10.576546,-12.5228405,32.128407,21.193218,57.43511,0,1754.54,8318.465,0.210921125,4.5145,8.353495,9.31869071,
85,Equinix Inc.,EQIX,0.248665,Real Estate,-20.197695,34.287704,68.35149,32.697796,46.23717,1.607505964,#N/A,23965.615,#N/A,5.9926,5.8180933,5.632476336,
86,Crown Castle International Corp,CCI,0.246995,Real Estate,1.7070532,27.968466,35.068584,12.291777,35.7324,3.220221607,#N/A,38470,#N/A,1.7871,4.4978337,5.637754353,
87,TJX Companies Inc,TJX,0.245629,Consumer Discretionary,18.96745,0.22275448,38.45552,-14.414585,-2.0581543,1.558265583,0,14326.029,0,2.43,5.0989327,11.78943917,
88,Target Corporation,TGT,0.244323,Consumer Discretionary,5.149424,22.663044,97.92708,22.408401,39.866577,2.365902113,0,41290,0,5.5082,8.07325,3.261847974,
89,T-Mobile US Inc.,TMUS,0.241009,Communication Services,0.15747547,11.316692,23.28248,21.66642,43.128754,0,#N/A,86921,#N/A,4.0165,5.0041986,2.334173799,
90,Cigna Corporation,CI,0.239599,Health Care,-6.465113,-28.663534,7.6927185,6.9438577,20.025206,0.022575912,#N/A,151932,#N/A,13.438,7.2951727,1.680243203,
91,Colgate-Palmolive Company,CL,0.236173,Consumer Staples,-18.913185,9.482634,18.531572,-1.5080512,3.71809,2.591922845,281,15034,0.018690967,2.7488,4.985317,502.8855285,
92,Dominion Energy Inc,D,0.234257,Utilities,-7.722676,20.980751,21.032751,-3.999871,11.700177,5.114974373,#N/A,103823,#N/A,1.6232,3.7077665,2.344146921,
93,Activision Blizzard Inc.,ATVI,0.228685,Communication Services,-25.915981,-36.035053,28.387379,22.028864,65.13684,0.622057835,998,19845,0.050289746,1.9494,9.154498,3.567335407,
94,American Express Company,AXP,0.227821,Financials,-2.5677204,9.601474,32.280743,-28.845125,-23.02273,1.962387572,#N/A,198321,#N/A,7.9892,4.7081847,4.370720212,
95,Air Products and Chemicals Inc.,APD,0.224322,Materials,0.22549629,30.472755,49.72197,1.3629913,8.709896,2.414708682,72.9,18942.8,0.003848428,7.9422,4.2786126,4.424018195,
96,Goldman Sachs Group Inc.,GS,0.22246,Financials,-33.19202,-8.405447,40.1257,-23.813158,-2.0738661,2.975612912,#N/A,992968,#N/A,21.0306,6.930361,1.010151777,
97,CME Group Inc. Class A,CME,0.22116,Financials,31.920565,23.626972,9.621525,3.1522036,-11.185718,1.792840206,#N/A,75287.4,#N/A,5.9081,4.881929,2.746069558,
98,Regeneron Pharmaceuticals Inc.,REGN,0.220961,Health Care,-0.6543219,-29.870892,0.5301237,21.11938,92.43429,0,2826.3,14805.2,0.190899144,18.4625,9.317563,3.733805929,
99,Applied Materials Inc.,AMAT,0.21789,Information Technology,-34.585285,32.603027,88.973724,7.3182583,32.508755,1.35483871,2053,19035,0.107853953,2.8635,9.18716,6.213722156,
100,Morgan Stanley,MS,0.217706,Financials,-22.336573,-8.578169,32.2068,-24.259132,11.513079,3.970588235,#N/A,896823,#N/A,5.1902,6.1273794,1.115774967,
101,Stryker Corporation,SYK,0.216366,Health Care,2.4799824,20.23511,35.29506,-25.109642,-9.903651,1.315394318,971,30167,0.03218749,5.483,5.2881856,6.1390273,
102,Automatic Data Processing Inc.,ADP,0.21506,Information Technology,14.275956,8.524597,32.535088,-17.86266,-8.269728,2.487562189,636.3,41887.7,0.015190617,5.24,5.4028616,13.29400801,
103,Deere & Company,DE,0.214693,Industrials,-2.939105,11.719477,18.187296,-15.564203,-3.179121,1.917013495,1783,73011,0.024420978,10.1466,7.522344,4.831959692,
104,Duke Energy Corporation,DUK,0.214249,Utilities,6.9254518,25.603401,10.028971,-8.901769,-2.6133418,4.651953511,#N/A,163552,#N/A,5.085,3.7100272,1.490346083,
105,Marsh & McLennan Companies Inc.,MMC,0.213011,Financials,-0.073719025,19.875336,41.880882,-11.612701,8.449864,#N/A,#N/A,31357,#N/A,3.409,3.6264355,7.199953986,
106,Fiserv Inc.,FISV,0.206145,Information Technology,12.087238,26.517845,57.341133,-1.4555991,6.474972,0,#N/A,77539,#N/A,1.7088,4.5912676,2.383845514,
107,Intercontinental Exchange Inc.,ICE,0.203932,Financials,8.120764,24.112951,24.31966,4.461038,9.621632,1.393188854,#N/A,94493,#N/A,3.4212,3.6904345,2.971469081,
108,CSX Corporation,CSX,0.203361,Industrials,14.542807,-9.422904,18.010616,-27.209908,-11.942005,1.710296684,#N/A,38881,#N/A,4.1742,7.813775,4.723863541,
109,Illinois Tool Works Inc.,ITW,0.201483,Industrials,-21.935867,9.543097,45.054863,-4.624504,16.608381,2.962285393,221,15068,0.014666844,7.7426,5.53024,18.98403747,
110,Chubb Limited,CB,0.201311,Financials,-9.61473,21.341156,22.805393,-24.240076,-12.953192,2.686005909,#N/A,161084,#N/A,9.7055,4.1321716,1.271509512,
111,Boston Scientific Corporation,BSX,0.200618,Health Care,42.55748,3.2324314,27.956985,-21.90895,-17.762243,0,1174,30565,0.038409946,3.3319,5.310782,4.545536789,
112,Southern Company,SO,0.200006,Utilities,-3.7221968,48.957848,50.63753,2.3536205,0.96644163,#N/A,#N/A,118700,#N/A,4.4962,4.2559476,2.545220619,
113,General Electric Company,GE,0.199598,Industrials,-54.49857,-25.569183,53.916477,-29.900997,-36.21825,0.503778338,3115,274090,0.01136488,-0.0293,10.393958,3.444752771,
114,Humana Inc.,HUM,0.196039,Health Care,16.289759,-24.19998,28.707064,12.184631,50.838615,0.724476148,#N/A,29043,#N/A,20.0925,7.328388,4.022530996,
115,Newmont Corporation,NEM,0.193994,Materials,-6.1567125,28.500832,29.552662,34.540855,63.624382,1.236749117,150,39974,0.003752439,3.806,6.835757,1.639010332,
116,Sherwin-Williams Company,SHW,0.193236,Materials,-3.2045722,20.155357,49.45865,-0.8353889,26.273573,1.029334958,103.1,20496.2,0.005030201,16.4939,5.7606034,13.04057408,
117,Lam Research Corporation,LRCX,0.192555,Information Technology,-23.958284,56.30989,118.03627,23.378456,68.32863,1.886244922,1191.32,12001.333,0.09926564,13.7037,9.872661,5.804681013,
118,Kimberly-Clark Corporation,KMB,0.192028,Consumer Staples,-2.2542655,28.30106,24.337376,5.7424545,7.8791976,3.253304137,284,15283,0.018582739,6.2413,4.5844207,#N/A,
119,Autodesk Inc.,ADSK,0.189454,Information Technology,22.684347,-6.2958183,42.648315,-15.016484,42.48923,0,725,4729.2,0.153302884,-0.3691,9.7334585,#N/A,
120,Norfolk Southern Corporation,NSC,0.188717,Industrials,5.300212,-3.2583356,32.225502,-25.756948,-12.761295,2.520547945,#N/A,38382,#N/A,10.2485,6.1492214,3.297358444,
121,Northrop Grumman Corporation,NOC,0.187911,Industrials,-18.67323,17.058086,42.56024,13.921415,-1.5665174,1.745166088,953,41089,0.023193555,13.2235,5.94025,6.546640795,
122,Progressive Corporation,PGR,0.186453,Financials,9.11702,11.236215,24.6544,3.0923486,0.8562684,0.541711809,#N/A,54895.3,#N/A,6.7156,5.3457646,3.211035423,
123,Illumina Inc.,ILMN,0.18575,Health Care,37.274014,-19.239378,10.605812,-19.05694,-0.5719423,0,647,7316,0.088436304,6.7248,9.339766,10.58890824,
124,Truist Financial Corporation,TFC,0.182382,Financials,-9.734517,11.695969,33.9566,-37.057484,-22.901535,5.690661479,#N/A,469319,#N/A,3.7144,6.246898,1.233490944,
125,Global Payments Inc.,GPN,0.181494,Information Technology,2.922976,25.007904,77.23747,-3.7069142,5.8008075,0.284268183,#N/A,44480.162,#N/A,2.1624,5.6928997,1.967607761,
126,Dollar General Corporation,DG,0.179004,Consumer Discretionary,17.417479,46.329437,45.47558,30.51635,41.473473,0.834365426,0,13296.169,0,5.97,5.6144075,4.652067489,
127,U.S. Bancorp,USB,0.177797,Financials,-12.206048,4.694295,33.194744,-31.607908,-28.9568,4.73149492,#N/A,495426,#N/A,4.1586,5.632213,1.983039975,
128,Micron Technology Inc.,MU,0.176308,Information Technology,-22.8356,-6.312299,69.49259,-5.5858016,23.909246,0,2441,48887,0.049931475,5.5127,12.113893,1.376913291,
129,FedEx Corporation,FDX,0.17564,Industrials,-34.367233,-39.88246,-4.66125,-37.74202,-2.276492,1.84175108,#N/A,54403,#N/A,2.034,7.924173,2.266009013,
130,Edwards Lifesciences Corporation,EW,0.174093,Health Care,35.897434,25.927877,52.30789,-9.142107,11.728823,0,752.7,6488.1,0.116012392,1.6445,8.055927,11.75926868,
131,Ecolab Inc.,ECL,0.171561,Materials,11.074686,25.603569,32.22939,-16.8523,3.2437682,1.193608419,209,20869.1,0.010014807,5.3296,3.765539,6.408551376,
132,Estee Lauder Companies Inc. Class A,EL,0.171171,Consumer Staples,3.4816146,36.486496,60.115276,-5.808097,4.6589494,1.142211623,202,13156,0.015354211,4.8191,5.421498,15.07557133,
133,Biogen Inc.,BIIB,0.168307,Health Care,-5.540383,-35.557068,-1.3924003,26.143051,12.433636,0,2090,27234.3,0.076741462,31.4221,9.946347,3.873911005,
134,Moody's Corporation,MCO,0.164622,Financials,-3.9360523,19.975233,70.958305,8.201445,41.435993,0.973995272,#N/A,10265,#N/A,7.4217,6.113823,72.80840297,
135,Aon Plc Class A,AON,0.163328,Financials,9.64179,23.603487,44.47578,-10.378229,-1.147896,#N/A,#N/A,29405,#N/A,6.3674,4.1903424,14.32417656,
136,PNC Financial Services Group Inc.,PNC,0.162199,Financials,-16.6193,3.83116,40.13343,-27.704674,-23.154509,4.596740493,#N/A,408171,#N/A,11.3795,5.7966757,1.52511612,
137,Roper Technologies Inc.,ROP,0.161949,Industrials,3.5405397,16.2421,33.60349,-15.051878,4.8371196,0.625380841,339.1,18108.9,0.018725599,16.8211,5.1838765,3.884927276,
138,ConocoPhillips,COP,0.154422,Energy,15.704131,-29.440475,6.4394593,-54.09957,-32.040154,4.707792208,82,70514,0.00116289,6.3986,6.4294915,2.016780557,
139,Analog Devices Inc.,ADI,0.154181,Information Technology,-1.4377177,21.09536,40.976345,-20.271523,6.6869617,1.968109339,1133.304,21392.641,0.052976348,3.6468,7.518518,3.440139002,
140,Waste Management Inc.,WM,0.153759,Industrials,5.272293,29.613518,30.362965,-12.985479,-7.0127544,2.249891962,#N/A,28151,#N/A,3.9064,3.3746955,6.84156811,
141,Baxter International Inc.,BAX,0.152682,Health Care,2.9548287,11.478149,28.334867,-2.727151,8.332312,1.083877325,542,18193,0.029791678,1.9287,6.4030123,5.369784335,
142,DuPont de Nemours Inc.,DD,0.149935,Materials,-22.774506,-23.069542,-12.789273,-56.29544,-29.41177,3.870967742,955,69396,0.0137616,0.666,6.8045297,1.156851181,
143,Digital Realty Trust Inc.,DLR,0.149883,Real Estate,-2.9060543,19.77538,16.433598,15.671086,29.65746,3.138722914,#N/A,23068.131,#N/A,2.3537,5.169062,2.962000605,
144,Electronic Arts Inc.,EA,0.147818,Communication Services,-24.890535,-17.6946,36.24382,-5.0063314,34.02716,0,1423,8957,0.158870157,3.33,9.154369,5.681062269,
145,Emerson Electric Co.,EMR,0.145824,Industrials,-11.472237,-13.433796,30.928875,-32.011974,-5.261576,4.155299056,454,20497,0.022149583,3.7158,6.01478,4.961917322,
146,DexCom Inc.,DXCM,0.144074,Health Care,108.74717,11.273087,82.58765,121.246864,164.28714,0,273.5,2395,0.114196242,1.0953,17.64246,22.70177482,
147,Eaton Corp. Plc,ETN,0.143826,Industrials,-9.758258,-4.4139442,42.091465,-7.5875463,8.175039,3.681297464,606,32805,0.018472794,5.2543,6.196163,2.434260573,
148,American Electric Power Company Inc.,AEP,0.143055,Utilities,5.0292253,35.26093,30.077612,-6.652981,-3.8125455,#N/A,#N/A,79138.4,#N/A,3.8786,3.47137,2.378946462,
149,Charles Schwab Corporation,SCHW,0.141905,Financials,-18.259686,-22.502523,16.157007,-23.748022,-17.271828,2.052349792,#N/A,294005,#N/A,2.6712,7.080726,3.226524255,
150,L3Harris Technologies Inc,LHX,0.139483,Industrials,-3.169781,22.498072,49.0828,10.352111,-2.5035024,1.571428571,#N/A,#N/A,#N/A,7.89,5.956431,2.019795667,
151,General Mills Inc.,GIS,0.138725,Consumer Staples,-31.017035,32.060005,42.57834,8.021175,16.988564,3.635014837,221.9,30645.8,0.007240796,2.9,5.6693797,4.505822758,
152,Sempra Energy,SRE,0.135109,Utilities,4.536116,31.667841,43.589973,-14.982629,-7.5497627,3.493672006,#N/A,65665,#N/A,7.2864,4.081762,2.500632257,
153,eBay Inc.,EBAY,0.134491,Consumer Discretionary,-25.622684,19.84005,30.637693,-22.080677,34.269238,1.929474385,1240,18174,0.068229339,2.0864,6.631015,10.01517114,
154,General Motors Company,GM,0.133349,Consumer Discretionary,-14.686513,10.029244,13.961124,-44.968216,-32.64516,7.314725698,6.8,228037,2.98197E-05,4.5733,7.3488193,1.226071917,
155,Cognizant Technology Solutions Corporation Class A,CTSH,0.130621,Information Technology,-9.490281,-20.213049,-1.0396957,-41.32702,-10.920972,1.764579298,#N/A,16204,#N/A,3.2893,6.071282,3.083556322,
156,Centene Corporation,CNC,0.130452,Health Care,14.294219,-41.176476,9.054637,3.618908,27.38073,0,#N/A,40994,#N/A,3.1422,9.08713,2.079042642,
157,Xcel Energy Inc.,XEL,0.130266,Utilities,5.5705667,41.224525,32.149387,7.477057,10.811031,2.728026534,#N/A,52703,#N/A,2.6385,3.9839387,2.515520432,
158,Exelon Corporation,EXC,0.127928,Utilities,17.939615,13.8274555,4.301548,-29.8756,-19.146717,3.993480033,#N/A,124977,#N/A,3.0144,3.7099292,1.376584892,
159,General Dynamics Corporation,GD,0.127336,Industrials,-20.943714,-11.138683,14.712799,-23.695665,-16.511446,3.19827785,466,48841,0.009541164,11.9807,6.309038,3.761713626,
160,HCA Healthcare Inc,HCA,0.125812,Health Care,43.271862,-15.473986,20.056248,-35.323524,-26.185513,1.814134669,#N/A,45058,#N/A,10.0653,7.6008906,#N/A,
161,O'Reilly Automotive Inc.,ORLY,0.124542,Consumer Discretionary,43.148743,15.874254,27.279068,-26.635849,13.821661,0,#N/A,11329.599,#N/A,17.8825,5.915004,83.4062864,
162,SBA Communications Corp. Class A,SBAC,0.122935,Real Estate,-0.8998513,50.86727,49.317432,32.219185,34.681545,0.44634589,#N/A,9759.941,#N/A,1.2816,5.9710193,#N/A,
163,Ross Stores Inc.,ROST,0.119618,Consumer Discretionary,4.7975063,11.87867,41.153847,-12.858057,-11.108309,0.90917194,0,6234.814,0,4.2596,6.074128,10.21822192,
164,IHS Markit Ltd.,INFO,0.1192,Industrials,6.2458515,23.816563,57.077335,6.97037,17.90744,0.238629983,#N/A,16087.2,#N/A,1.2285,4.2740593,3.438353377,
165,KLA Corporation,KLAC,0.118597,Information Technology,-12.125254,60.073437,102.558945,10.35527,61.395,2.226241826,711.017,9008.516,0.078927206,7.4904,8.897464,7.088821372,
166,IDEXX Laboratories Inc.,IDXX,0.11777,Health Care,18.953823,8.058823,40.37738,2.460909,19.410336,0,133.193,1832.475,0.072684757,4.8859,7.5567226,125.9708433,
167,Dow Inc.,DOW,0.117738,Materials,#N/A,#N/A,#N/A,-44.224297,-13.17783,9.575923393,765,60524,0.012639614,-1.8384,9.9076395,2.996989321,
168,Amphenol Corporation Class A,APH,0.114909,Information Technology,-6.7198277,1.8524408,34.769203,-27.92148,-1.8289626,1.34467618,234.2,10815.5,0.021654108,3.7512,5.062049,7.116906516,
169,Chipotle Mexican Grill Inc.,CMG,0.112276,Consumer Discretionary,49.392796,85.43527,93.8697,-12.239635,47.280766,0,#N/A,5918.241,#N/A,12.3753,9.95873,13.80488949,
170,TE Connectivity Ltd.,TEL,0.111619,Information Technology,-18.61322,7.4858904,29.128658,-27.133644,-15.850025,2.930869704,572,19694,0.029044379,5.6765,6.1859193,2.939083213,
171,T. Rowe Price Group,TROW,0.111499,Financials,-9.34909,4.1234374,35.268627,-6.0503364,15.38744,3.256528418,#N/A,9528.8,#N/A,8.7008,5.628085,4.035210724,
172,Monster Beverage Corporation,MNST,0.110725,Consumer Staples,-22.231,-1.6387761,29.114174,-0.33783913,6.577122,0,#N/A,5281.812,#N/A,2.0267,8.109445,8.176662223,
173,Cummins Inc.,CMI,0.110566,Industrials,-21.829712,9.649968,37.580063,-16.550858,1.9287229,3.853106486,1001,19737,0.050716928,14.4779,6.7152796,3.592549915,
174,MSCI Inc. Class A,MSCI,0.110376,Financials,18.025911,21.60734,76.82968,35.674644,42.883873,0.906699889,98.334,4204.439,0.023388138,6.5896,6.3622494,#N/A,
175,Verisk Analytics Inc,VRSK,0.109637,Industrials,13.583338,30.575634,37.876,5.631697,17.496443,0.731812312,65.6,7055.2,0.009298106,2.7011,4.6463156,10.77784674,
176,Cadence Design Systems Inc.,CDNS,0.108685,Information Technology,3.9693952,44.8957,59.52163,0.6790042,32.338108,0,935.938,3357.225,0.278783221,3.5256,7.293448,9.354251866,
177,PACCAR Inc,PCAR,0.108312,Industrials,-15.2645,2.5797129,44.697235,-7.7480135,7.7381015,2.09389825,326.6,28361.1,0.011515773,6.8716,6.259452,2.822176815,
178,Sysco Corporation,SYY,0.107899,Consumer Staples,5.5491567,10.762703,39.004147,-34.875713,-21.010191,3.330029732,0,17966.522,0,3.2,4.4268866,14.49316944,
179,Synopsys Inc.,SNPS,0.107725,Information Technology,-1.1731565,38.94963,65.24217,7.136178,49.81359,0,1136.932,6405.16,0.177502514,3.45,6.191035,4.998131454,
180,Agilent Technologies Inc.,A,0.107717,Health Care,1.6440153,5.944419,27.456272,-14.654243,17.199802,0.813953488,404,9452,0.042742277,3.3679,6.3333817,4.930944001,
181,Walgreens Boots Alliance Inc,WBA,0.107202,Consumer Staples,-3.5940528,-22.056997,-11.08591,-29.370768,-21.848124,3.960882867,0,67598,0,4.3119,7.66049,1.949425378,
182,Johnson Controls International plc,JCI,0.107111,Industrials,-19.469952,25.04264,40.80944,-29.035748,-16.614944,3.857566766,319,42287,0.00754369,0.5422,6.028099,1.726712786,
183,Public Storage,PSA,0.106585,Real Estate,0.67464113,24.614693,9.164572,-6.2709036,-12.387395,4.027994562,#N/A,11365.444,#N/A,7.2925,4.491641,7.431942206,
184,Twitter Inc.,TWTR,0.106479,Communication Services,19.700123,42.17591,11.517048,-30.263155,-14.606434,0,682.281,12703.389,0.053708581,1.8658,13.797084,2.870598267,
185,Capital One Financial Corporation,COF,0.106431,Financials,-22.48444,-4.507637,38.25904,-45.217808,-32.312035,3.173343911,#N/A,392322,#N/A,11.0492,6.3211823,0.809929766,
186,MetLife Inc.,MET,0.106331,Financials,-15.506327,2.0953536,28.37311,-32.789486,-26.1438,5.757278377,#N/A,740463,#N/A,6.0578,5.7528343,0.705351733,
187,Allstate Corporation,ALL,0.106184,Financials,-19.329578,10.75815,38.50901,-6.9933653,-5.370826,2.22391802,#N/A,111932,#N/A,14.027,4.6574965,1.510381066,
188,Constellation Brands Inc. Class A,STZ,0.105845,Consumer Staples,-28.442055,-0.43596625,19.848274,-21.234299,-3.6768794,1.740341107,#N/A,29231.5,#N/A,17.5721,7.120601,2.546588984,
189,Bank of New York Mellon Corporation,BK,0.105838,Financials,-10.675823,-13.5260105,9.432756,-34.10415,-12.682713,3.59263658,#N/A,381508,#N/A,4.5106,5.73594,1.284065822,
190,Eversource Energy,ES,0.104433,Utilities,6.1411858,42.181408,34.086716,10.586441,15.404439,2.777777778,#N/A,41123.915,#N/A,2.8149,3.727947,2.221928531,
191,Travelers Companies Inc.,TRV,0.103719,Financials,-9.480977,15.321398,17.060543,-28.648026,-23.51737,3.301459487,#N/A,102601,#N/A,9.9238,4.665082,1.348754005,
192,Kroger Co.,KR,0.102924,Consumer Staples,2.112937,-8.973914,7.5999975,27.124191,58.379627,2.308265078,0,38701,0,3.76,9.55386,2.840457752,
193,IQVIA Holdings Inc,IQV,0.102803,Health Care,18.661892,11.501492,33.003353,-30.677015,-11.929059,0,#N/A,23251,#N/A,0.9569,6.4296656,4.949570504,
194,WEC Energy Group Inc,WEC,0.102467,Utilities,7.586932,46.30532,36.57234,10.001909,10.399378,2.726086463,#N/A,35836.4,#N/A,3.5807,3.897254,2.876632004,
195,Yum! Brands Inc.,YUM,0.101865,Consumer Discretionary,14.39774,26.642345,11.412107,-31.02008,-19.417303,2.52444185,#N/A,5231,#N/A,4.1342,4.5967093,#N/A,
196,Clorox Company,CLX,0.101697,Consumer Staples,6.131506,3.1842113,2.231729,12.779117,46.472515,2.447330447,136,5116,0.026583268,6.3178,5.934313,34.42546284,
197,Zimmer Biomet Holdings Inc.,ZBH,0.101367,Health Care,-13.251013,3.0713916,45.23716,-29.093616,2.548802,0.949742778,449.3,24638.7,0.01823554,5.4746,6.7989836,2.489007907,
198,AutoZone Inc.,AZO,0.100974,Consumer Discretionary,17.84866,40.672432,42.103447,-24.555456,2.884078,0,0,9895.913,0,63.4254,6.598636,#N/A,
199,Trane Technologies plc,TT,0.100668,Industrials,4.4847965,18.315578,48.021484,-2.8838575,-8.155579,2.566896724,237,20492.3,0.01156532,5.8398,5.18556,4.358454346,
200,PPG Industries Inc.,PPG,0.099579,Materials,-10.8971,8.264244,32.51492,-28.296274,-8.631886,2.40430622,432,17708,0.024395753,5.2183,4.7418714,5.954008418,
201,Kinder Morgan Inc Class P,KMI,0.098978,Energy,-10.874378,16.556667,43.823147,-31.487036,-23.742819,7.183908046,#N/A,75002,#N/A,0.962,5.7953877,1.42103903,
202,Prudential Financial Inc.,PRU,0.098011,Financials,-25.943644,-10.229397,19.85284,-46.698654,-38.119976,7.863444572,#N/A,896552,#N/A,10.1071,7.625923,0.592356004,
203,Public Service Enterprise Group Inc,PEG,0.097431,Utilities,4.563105,20.63011,17.060518,-23.659033,-11.554259,4.230683589,#N/A,47730,#N/A,3.3392,3.8866327,1.972377364,
204,ANSYS Inc.,ANSS,0.097389,Information Technology,-3.150618,16.521502,80.08255,12.696719,41.425217,0,298.21,4838.887,0.061627808,5.2522,7.8153114,6.390521145,
205,Fastenal Company,FAST,0.097364,Industrials,-1.5724957,10.509062,44.65481,-4.1951656,34.568275,2.896,#N/A,3799.9,#N/A,1.3769,7.8764334,7.958456641,
206,Schlumberger NV,SLB,0.097181,Energy,-43.4931,-43.659687,16.962301,-67.40393,-50.80112,14.82579689,717,56312,0.012732632,-7.3191,9.459864,2.342488072,
207,EOG Resources Inc.,EOG,0.095761,Energy,-18.480682,-43.989883,-2.792108,-63.19115,-45.10957,3.445155902,#N/A,37124.608,#N/A,4.7091,8.870741,2.25228859,
208,Phillips 66,PSX,0.095558,Energy,-11.764706,-8.778829,33.383633,-44.135902,-22.69827,6.710158434,54,58720,0.000919619,6.7726,7.543727,1.972488556,
209,Rockwell Automation Inc.,ROK,0.095548,Industrials,-21.504969,-11.616403,37.293995,-18.379307,30.334139,2.63733351,378.9,6220,0.060916399,5.8265,7.514597,47.17305182,
210,Ford Motor Company,F,0.095508,Consumer Discretionary,-32.906322,1.9313335,29.41177,-44.32071,-36.65024,12.42236025,7400,258537,0.028622596,0.0117,6.9608617,1.140885916,
211,Aflac Incorporated,AFL,0.095116,Financials,6.1745286,11.556411,18.481123,-33.861267,-34.629166,3.183411215,#N/A,157955,#N/A,4.4264,3.4586082,1.327647622,
212,Parker-Hannifin Corporation,PH,0.094227,Industrials,-23.79998,-3.169793,40.2843,-32.754253,8.312738,2.713327681,294.852,17576.69,0.016775172,11.4763,7.5378213,3.663704628,
213,Cintas Corporation,CTAS,0.094086,Industrials,9.118915,33.542072,61.694134,-19.38725,13.249898,0.768538652,#N/A,7634.979,#N/A,7.9729,5.2393613,7.630271502,
214,Microchip Technology Incorporated,MCHP,0.094028,Information Technology,-16.505463,22.318554,47.64043,-26.532125,14.4277935,2.160766962,826.3,18350,0.045029973,1.42,9.105129,3.727740165,
215,American Water Works Company Inc.,AWK,0.09341,Utilities,1.1585951,43.687893,37.495865,10.54405,14.637518,1.714620274,#N/A,22682,#N/A,3.4309,4.0834036,3.628959362,
216,Williams Companies Inc.,WMB,0.093315,Energy,-23.22073,-8.532179,14.46712,-49.197132,-27.40556,10.88339223,#N/A,47672,#N/A,0.6977,7.36824,2.15701074,
217,HP Inc.,HPQ,0.093123,Information Technology,0.1337409,-24.879688,3.6500454,-22.629421,-15.72749,3.080675422,1499,33467,0.044790391,2.0682,7.02979,#N/A,
218,ResMed Inc.,RMD,0.092743,Health Care,36.15539,17.296171,37.428642,37.412823,55.478348,1.045556385,180.651,4107.682,0.043978818,2.8002,6.3118024,8.459730145,
219,Willis Towers Watson Public Limited Company,WLTW,0.091881,Financials,2.369094,34.37742,34.689857,-9.817732,2.0470262,1.548425081,#N/A,35426,#N/A,8.0308,4.562499,2.53562736,
220,Otis Worldwide Corporation,OTIS,0.09134,Industrials,#N/A,#N/A,#N/A,#N/A,#N/A,#N/A,163,9687,0.016826675,2.5767,#N/A,#N/A,
221,American International Group Inc.,AIG,0.091223,Financials,-31.705273,4.841733,33.49404,-47.96545,-42.682022,5.278350515,#N/A,487087,#N/A,3.7391,6.5170474,0.685029131,
222,Motorola Solutions Inc.,MSI,0.091138,Information Technology,29.698921,30.837048,42.115784,-9.064543,-17.035175,1.791663582,687,10642,0.064555535,4.9431,6.3443866,#N/A,
223,Marriott International Inc. Class A,MAR,0.090944,Consumer Discretionary,-18.868345,-2.4698138,41.193806,-44.236954,-37.6478,2.566501805,#N/A,25051,#N/A,3.7943,6.4216175,69.79145063,
224,Xilinx Inc.,XLNX,0.08962,Information Technology,28.448534,16.933477,16.519905,-39.74408,-21.782917,1.967561819,743.027,5151.348,0.144239333,3.4697,8.630345,11.24960295,
225,Best Buy Co. Inc.,BBY,0.089602,Consumer Discretionary,-20.023369,-11.454243,69.561935,-22.38868,23.498547,2.361553902,0,13174,0,5.2026,9.172498,4.699231502,
226,McKesson Corporation,MCK,0.089261,Health Care,-28.226995,3.8240552,26.658821,13.32885,13.639748,1.197693331,71,59672,0.001189838,0.1726,7.4126596,2.747887324,
227,Ball Corporation,BLL,0.088929,Materials,22.536325,65.47402,41.844273,10.907518,1.4517426,0.927930715,44,17360,0.002534562,1.6641,6.013886,7.119071339,
228,Stanley Black & Decker Inc.,SWK,0.088001,Industrials,-27.915615,-3.5784662,40.671467,-32.004875,-6.024182,2.824332713,255.2,20596.6,0.012390395,6.3484,7.26087,3.33495424,
229,Corning Inc,GLW,0.087929,Information Technology,-3.3135414,-19.047611,-0.99304914,-41.244102,-22.332943,3.992210321,833,28898,0.028825524,1.0678,6.6043177,2.091243144,
230,D.R. Horton Inc.,DHI,0.087831,Consumer Discretionary,-31.104368,24.680244,53.995968,-20.091099,25.022936,1.911764706,#N/A,15734.9,#N/A,4.2886,6.679987,1.93795172,
231,McCormick & Company Incorporated,MKC,0.087767,Consumer Staples,38.72044,27.567482,23.5708,-6.252086,16.8144,1.593816267,67.3,10362.1,0.006494822,2.6201,5.2811527,6.530785176,
232,State Street Corporation,STT,0.087546,Financials,-33.562134,-31.236118,28.555573,-22.429348,13.265133,3.810775296,#N/A,245610,#N/A,5.3765,8.20366,1.316759148,
233,Archer-Daniels-Midland Company,ADM,0.087537,Consumer Staples,5.563867,-16.753138,16.548681,-17.338335,-1.3768196,4.007959068,154,43997,0.003500239,2.4407,5.5745,1.34407277,
234,Consolidated Edison Inc.,ED,0.08665,Utilities,-6.6274285,28.065205,22.194624,-4.4176936,-12.87775,3.826923077,24,58079,0.00041323,4.0759,3.79875,1.671651874,
235,Marathon Petroleum Corporation,MPC,0.085859,Energy,-7.775092,-24.263012,5.6939483,-62.26044,-31.240929,9.187129551,#N/A,98556,#N/A,3.9699,9.632095,1.160510663,
236,Skyworks Solutions Inc.,SWKS,0.085265,Information Technology,-27.941025,-13.624925,82.811104,0.34581423,55.79294,1.952003674,424.1,4839.6,0.087631209,4.8917,10.835005,3.196673182,
237,TransDigm Group Incorporated,TDG,0.085264,Industrials,23.829292,44.925297,83.05592,-27.853745,3.6348224,0,116.8,16254.731,0.0071856,13.8407,8.280962,#N/A,
238,Carrier Global Corp.,CARR,0.08517,Industrials,#N/A,#N/A,#N/A,#N/A,#N/A,#N/A,401,22406,0.017896992,#N/A,#N/A,#N/A,
239,Paychex Inc.,PAYX,0.084289,Information Technology,-1.1016428,14.283776,34.274746,-22.049921,-5.663991,3.20082602,#N/A,8756.3,#N/A,2.86,4.666023,11.76727165,
240,Hilton Worldwide Holdings Inc,HLT,0.08418,Consumer Discretionary,-9.341341,18.318665,55.30641,-24.373144,-24.58207,0.879249707,#N/A,14957,#N/A,3.0379,5.2110863,#N/A,
241,Church & Dwight Co. Inc.,CHD,0.08386,Consumer Staples,32.80846,28.396309,8.348524,-10.070169,7.1855903,1.437363665,93.6,6657.4,0.014059543,2.4431,5.052272,6.47070566,
242,Dollar Tree Inc.,DLTR,0.083509,Consumer Discretionary,-15.832633,37.740208,4.1297674,-29.67605,-15.169406,0,0,13667.1,0,-6.6868,7.5316815,4.079483476,
243,Mettler-Toledo International Inc.,MTD,0.083349,Health Care,-8.706742,11.709225,40.259552,-10.145962,-4.683006,0,143.95,2789.321,0.051607542,22.4673,7.813801,45.48250917,
244,Welltower Inc.,WELL,0.08189,Real Estate,14.301407,46.824646,22.835327,-42.797817,-30.437977,7.601572739,#N/A,33380.751,#N/A,1.1996,5.3802114,2.158933743,
245,AMETEK Inc.,AME,0.081763,Industrials,-5.809307,12.106395,48.153625,-16.178577,-4.2123556,0.833101916,161.9,9844.559,0.016445633,3.7546,5.6835437,4.466572803,
246,Alexion Pharmaceuticals Inc.,ALXN,0.081352,Health Care,-18.588507,-28.6829,11.082578,-33.542717,-14.3890915,0,886,17544.6,0.050499869,10.6953,11.808972,2.123316072,
247,Valero Energy Corporation,VLO,0.079773,Energy,-14.949406,-22.093428,29.718554,-48.304985,-28.545994,8.11287478,#N/A,54508,#N/A,5.8475,10.034352,1.758023175,
248,Cerner Corporation,CERN,0.079771,Health Care,-22.1843,5.8860183,40.98017,6.4846992,-5.4665446,1.143038578,509.722,6805.622,0.074897195,1.6482,5.930309,5.388318496,
249,DTE Energy Company,DTE,0.079443,Utilities,4.0494323,25.62598,21.230734,-25.690628,-11.145538,4.122354428,#N/A,41882,#N/A,6.3081,3.5879543,2.138632879,
250,Aptiv PLC,APTV,0.079082,Consumer Discretionary,-26.382177,2.2594929,55.67647,-43.327682,-5.7365894,1.787164907,1165,13459,0.08655918,3.8463,10.05932,6.348448751,
251,Hershey Company,HSY,0.078788,Consumer Staples,-3.1486273,55.282368,39.92349,18.32484,-0.77319145,2.324212779,37.146,8140.395,0.004563169,5.4565,4.6172004,17.64798407,
252,Kraft Heinz Company,KHC,0.078504,Consumer Staples,-41.43519,-47.488297,-21.631044,-22.215384,9.225214,6.600660066,112,101450,0.001103992,1.5809,9.495989,0.74788407,
253,Alexandria Real Estate Equities Inc.,ARE,0.078289,Real Estate,-8.898079,27.334631,43.682755,-4.40864,18.395138,2.962206333,#N/A,18390.503,#N/A,3.1193,3.9923582,2.201590055,
254,Align Technology Inc.,ALGN,0.07813,Health Care,-5.742836,-53.43788,33.23785,-44.87112,0.79505444,0,157.361,2500.702,0.06292673,5.5278,15.164693,16.25794573,
255,PPL Corporation,PPL,0.077443,Utilities,-3.1663954,11.948025,32.474422,-22.400438,-8.911049,6.695705024,#N/A,45680,#N/A,2.3685,5.079295,2.119030703,
256,Lennar Corporation Class A,LEN,0.076921,Consumer Discretionary,-37.839973,18.490242,42.911877,-28.49111,25.02079,0.406032483,#N/A,29359.511,#N/A,5.743,6.691183,1.18141481,
257,AvalonBay Communities Inc.,AVB,0.076638,Real Estate,0.8519769,22.266054,23.97586,-28.159254,-18.308533,4.178840796,#N/A,19121.051,#N/A,5.6317,3.9652467,2.683735068,
258,VeriSign Inc.,VRSN,0.076123,Information Technology,29.578804,15.019072,29.934586,-5.6463776,-0.3833592,0,60.805,1854.009,0.032796497,5.1468,5.0740247,#N/A,
259,Weyerhaeuser Company,WY,0.076036,Real Estate,-34.259777,-10.229057,44.373287,-34.08748,-12.045449,8.02359882,#N/A,16406,#N/A,-0.1019,7.502398,2.752606317,
260,Fortive Corp.,FTV,0.075539,Industrials,-6.0953617,-21.165472,13.316572,-35.05348,-18.059753,0.563947633,456.7,17439,0.026188428,1.9703,5.790766,3.474622836,
261,Corteva Inc,CTVA,0.075454,Materials,#N/A,#N/A,#N/A,#N/A,-7.1428595,1.659574468,1147,42397,0.027053801,-1.2795,7.2751536,0.910277607,
262,Realty Income Corporation,O,0.075155,Real Estate,15.1859045,40.525616,21.108818,-32.341534,-6.145817,5.491375852,#N/A,18554.796,#N/A,1.3806,4.511499,2.513119384,
263,Freeport-McMoRan Inc.,FCX,0.07428,Materials,-44.831223,-31.605839,29.19495,-50.305347,1.6593814,2.222222222,#N/A,40809,#N/A,-0.1688,13.108973,2.047443894,
264,Copart Inc.,CPRT,0.073618,Industrials,10.6274605,51.11153,90.330696,4.19749,12.831795,0,#N/A,2547.617,#N/A,2.4607,6.4604836,10.01789602,
265,FLEETCOR Technologies Inc.,FLT,0.072899,Information Technology,-3.486979,25.207924,54.921387,-30.450493,-10.057569,0,#N/A,12248.541,#N/A,9.9375,6.638104,6.615621623,
266,Arthur J. Gallagher & Co.,AJG,0.072696,Financials,19.058155,19.249714,31.54682,-0.36695004,10.81171,2.134707398,#N/A,19634.8,#N/A,3.5182,3.4618933,3.47449622,
267,West Pharmaceutical Services Inc.,WST,0.072334,Health Care,-0.07094145,14.048779,53.97328,34.567905,80.88671,0.413793103,38.9,2341.4,0.016613992,3.2056,6.792037,7.079336794,
268,Simon Property Group Inc.,SPG,0.071156,Real Estate,2.4164438,-9.103256,-6.3872814,-69.72066,-52.023453,15.22056143,#N/A,31231.63,#N/A,6.7653,4.50403,18.40241445,
269,Entergy Corporation,ETR,0.070773,Utilities,10.148668,49.98139,43.44139,-5.4048357,-1.5490174,3.91614345,#N/A,51723.912,#N/A,6.3007,3.830955,2.333605457,
270,V.F. Corporation,VFC,0.070627,Consumer Discretionary,-1.0405481,3.455758,51.29137,-38.466488,-29.276579,3.287766049,#N/A,10356.785,#N/A,3.1456,6.9756446,8.023241644,
271,Equifax Inc.,EFX,0.07041,Industrials,-19.6998,6.91185,52.131428,-3.75669,28.933228,1.305985768,#N/A,7909,#N/A,-3.2986,8.16469,6.585954413,
272,Take-Two Interactive Software Inc.,TTWO,0.070329,Communication Services,-6.2306404,-10.552359,18.933355,21.569645,24.275612,0,223.734,4243.065,0.052729336,2.9,9.470262,5.187995428,
273,Ameren Corporation,AEE,0.070181,Utilities,13.709963,28.867126,20.680666,-4.286295,-1.0105073,2.663737471,#N/A,28933,#N/A,3.3509,3.6140203,2.346216649,
274,Edison International,EIX,0.06948,Utilities,-6.392318,13.027382,37.193943,-14.242422,-13.763791,4.562876437,#N/A,64382,#N/A,3.7654,7.639436,2.05196553,
275,Equity Residential,EQR,0.068641,Real Estate,6.899798,33.877182,26.026356,-19.971996,-17.034405,3.735213094,#N/A,21172.769,#N/A,2.5918,4.4293437,2.926147325,
276,First Republic Bank,FRC,0.068366,Financials,1.1195779,0.64365864,36.018406,-19.598085,6.955111,0.923675255,#N/A,116660.559,#N/A,5.1976,6.042101,2.274782932,
277,Ameriprise Financial Inc.,AMP,0.068355,Financials,-36.330914,-2.9227972,63.255726,-25.994873,2.7649999,3.786104606,#N/A,151828,#N/A,13.9191,8.436777,3.603734575,
278,Keysight Technologies Inc,KEYS,0.06825,Information Technology,49.230778,45.09151,65.31893,-9.255105,7.4113965,0,688,6623,0.103880417,3.2513,7.5134935,6.298478341,
279,MarketAxess Holdings Inc.,MKTX,0.066802,Financials,5.571246,88.02693,80.3748,36.235405,57.551636,0.640466669,#N/A,954.93,#N/A,5.3984,8.908042,18.67559945,
280,Tyson Foods Inc. Class A,TSN,0.066727,Consumer Staples,-32.55828,44.129147,73.38015,-18.321371,-25.636112,2.790578597,97,33097,0.002930779,5.6323,7.497482,2.16717022,
281,Republic Services Inc.,RSG,0.066666,Industrials,8.756102,20.937943,26.494658,-7.113385,-4.167634,2.118305356,#N/A,22683.8,#N/A,3.3332,2.8422446,3.519750935,
282,Old Dominion Freight Line Inc.,ODFL,0.066287,Industrials,-5.731666,2.828145,54.231117,23.423994,68.92378,0.375836766,#N/A,3995.568,#N/A,5.1034,7.6323204,4.909005853,
283,Maxim Integrated Products Inc.,MXIM,0.066215,Information Technology,0.6312132,3.9497137,24.660767,-12.490863,0.8677125,3.994953743,435.222,3743.982,0.116245751,2.9683,7.48085,8.812870149,
284,Conagra Brands Inc.,CAG,0.065715,Consumer Staples,-41.04061,-9.327358,64.27902,10.7853775,35.762085,2.872592092,56.1,22213.8,0.002525457,1.5222,9.2646885,1.897711819,
285,Tractor Supply Company,TSCO,0.064335,Consumer Discretionary,13.230777,0.9080887,13.614571,-12.401271,21.218681,1.684717208,0,5289.268,0,4.6574,7.163145,6.959650615,
286,Laboratory Corporation of America Holdings,LH,0.064322,Health Care,-20.782393,-3.1484187,33.879387,-24.949932,-4.5706453,0,#N/A,18046.4,#N/A,8.355,5.2606096,2.17303091,
287,Southwest Airlines Co.,LUV,0.064048,Industrials,-28.059584,-12.398708,17.641985,-37.49284,-33.352734,2.02190396,#N/A,27013,#N/A,4.2672,8.811119,2.849784973,
288,Pioneer Natural Resources Company,PXD,0.063509,Energy,-23.725773,-31.270336,16.005157,-54.169155,-35.563194,2.038488952,#N/A,20601,#N/A,4.509,8.871725,2.067727819,
289,Akamai Technologies Inc.,AKAM,0.062529,Information Technology,-6.088561,27.359152,41.42108,25.479448,32.284153,0,261.365,7006.886,0.037301163,2.9047,7.008031,3.825531325,
290,Hologic Inc.,HOLX,0.062484,Health Care,-3.859651,18.615986,27.031635,-32.143593,18.121506,0,232.2,6442.1,0.036044147,-0.7557,6.0579286,6.276791182,
291,LyondellBasell Industries NV,LYB,0.062398,Materials,-20.993471,-13.033456,18.602694,-43.524147,-20.016039,8.462623413,111,30435,0.003647117,9.5864,7.25293,3.916819814,
292,CarMax Inc.,KMX,0.062354,Consumer Discretionary,-2.1830618,20.355547,39.757694,-24.192846,2.1340013,0,#N/A,18819.125,#N/A,4.7896,6.9814634,3.098109804,
293,Amcor PLC,AMCR,0.062265,Materials,#N/A,#N/A,#N/A,#N/A,-5.555558,#N/A,64,17165,0.003728517,0.3638,6.462755,3.327782135,
294,Fortinet Inc.,FTNT,0.062236,Information Technology,61.203945,-16.513163,51.583134,17.894863,80.36015,0,277.1,3885.5,0.071316433,1.8657,9.980964,13.86693406,
295,Northern Trust Corporation,NTRS,0.062049,Financials,-14.375818,-10.929966,30.206966,-18.338722,-12.995089,3.578054598,#N/A,136828.4,#N/A,6.6275,6.554258,2.26934163,
296,Kellogg Company,K,0.062019,Consumer Staples,-12.900859,-6.495929,25.27628,13.10246,27.781927,3.817050614,144,17564,0.008198588,2.7988,5.2240624,8.598877769,
297,Kansas City Southern,KSU,0.061847,Industrials,-7.9167547,11.859024,62.01154,4.9749494,18.511307,1.195156471,#N/A,9921.3,#N/A,5.4007,5.645903,3.33289739,
298,CMS Energy Corporation,CMS,0.061425,Utilities,7.9915524,34.401237,29.64753,4.1371107,6.729102,2.646808511,#N/A,26837,#N/A,2.3918,3.5659287,3.554805323,
299,Teleflex Incorporated,TFX,0.061326,Health Care,4.4288993,25.382305,46.162178,-6.980753,10.248017,0.481398889,113.857,6309.82,0.018044413,9.7997,6.9178224,6.006219702,
300,Incyte Corporation,INCY,0.061282,Health Care,-32.8582,7.46876,37.317192,-13.694006,20.170927,0,1154.111,3426.75,0.33679463,2.0533,10.018407,7.264704121,
301,Vulcan Materials Company,VMC,0.06037,Materials,-22.16249,33.835052,46.993923,-9.817791,-14.726204,1.175164245,#N/A,10882.183,#N/A,4.6307,5.8245025,3.390356497,
302,Citrix Systems Inc.,CTXS,0.057472,Information Technology,16.82955,-12.320018,9.60375,40.977024,53.262867,0.989049806,518.877,4388.926,0.11822414,5.032,4.8525367,17.21998885,
303,Las Vegas Sands Corp.,LVS,0.057361,Consumer Discretionary,-20.779968,0.87029934,38.55908,-31.491709,-23.559784,7.299270073,#N/A,23199,#N/A,3.4994,7.3656516,10.16213193,
304,Dover Corporation,DOV,0.057345,Industrials,-10.632199,11.40101,65.18675,-14.620674,-4.6707034,2.32308792,140.957,8669.477,0.016258997,4.6119,6.8701787,5.484387624,
305,Discover Financial Services,DFS,0.056857,Financials,-21.372854,5.0175905,46.659885,-54.761906,-36.396027,4.821979254,#N/A,114378,#N/A,9.0875,7.45669,2.328924156,
306,CDW Corp.,CDW,0.056765,Information Technology,17.966616,39.024673,77.79764,-8.558101,3.9411783,1.447410743,#N/A,7999.4,#N/A,4.9851,5.4864726,21.2705759,
307,Quest Diagnostics Incorporated,DGX,0.056658,Health Care,-13.473445,0.027680397,30.7914,-10.261816,13.42119,2.677459527,#N/A,12843,#N/A,6.2868,4.9947867,2.517828627,
308,Broadridge Financial Solutions Inc.,BR,0.05658,Information Technology,8.136452,-2.441001,30.483114,-11.015338,0.046384335,2.219761679,#N/A,3880.7,#N/A,4.0581,5.957676,12.94352717,
309,Delta Air Lines Inc.,DAL,0.05647,Industrials,-8.553571,3.2906413,20.21041,-51.26964,-49.97837,5.45916579,0,64532,0,7.3002,7.0115967,2.447537814,
310,Domino's Pizza Inc.,DPZ,0.056449,Consumer Discretionary,32.403683,-13.046366,19.51288,34.89678,39.642204,0.910151692,#N/A,1417.539,#N/A,9.5582,8.109349,#N/A,
311,Varian Medical Systems Inc.,VAR,0.055913,Health Care,1.9433141,2.2556305,25.328743,-33.30037,-12.97,0,247.6,4101.7,0.060365214,3.1763,7.2179074,6.067368536,
312,Masco Corporation,MAS,0.055465,Industrials,-32.464725,17.112148,65.81738,-14.245743,26.80061,1.518657796,#N/A,5027,#N/A,2.191,6.7728972,#N/A,
313,FirstEnergy Corp.,FE,0.055463,Utilities,27.335072,33.450424,33.475376,-2.5572956,-3.0884385,3.818317944,#N/A,42301,#N/A,1.5664,4.062758,3.767126473,
314,AmerisourceBergen Corporation,ABC,0.055028,Health Care,-17.294704,-9.774756,16.424728,11.075997,18.109596,1.830508475,#N/A,39459.618,#N/A,4.0378,7.3711867,5.912850629,
315,W.W. Grainger Inc.,GWW,0.054868,Industrials,21.786236,-18.075848,21.90113,-22.161537,17.370628,2.317907445,0,6005,0,15.4645,8.427732,9.797466354,
316,Qorvo Inc.,QRVO,0.054837,Information Technology,-8.81381,-5.0972757,91.388115,1.8713355,53.386223,0,450.482,5808.024,0.077562007,1.0453,10.517389,1.958949186,
317,Zebra Technologies Corporation Class A,ZBRA,0.054198,Information Technology,53.40077,15.207851,60.42204,-16.7288,20.21725,0,447,4711,0.094884313,9.9644,9.226512,7.501091658,
318,Cardinal Health Inc.,CAH,0.054193,Health Care,-24.120617,-8.797187,17.712116,1.0472298,12.719083,4.014184397,#N/A,40963,#N/A,4.5282,8.937812,2.225489844,
319,Garmin Ltd.,GRMN,0.053553,Consumer Discretionary,9.82039,24.108803,57.61212,-16.14701,24.48367,3.100775194,605.366,6166.799,0.098165353,4.9895,5.7117543,3.919141258,
320,Jack Henry & Associates Inc.,JKHY,0.053549,Information Technology,9.439123,-7.048541,16.400564,5.9640884,35.969807,1.049987117,96.378,2215.753,0.043496725,3.5151,5.726174,7.214945799,
321,Cooper Companies Inc.,COO,0.053531,Health Care,16.83495,5.0800085,26.267195,-7.676971,-15.420586,0.017296549,86.7,6274.5,0.013817834,9.334,6.0886664,3.937851235,
322,Ventas Inc.,VTR,0.053472,Real Estate,2.903688,40.292706,3.9597154,-58.71008,-39.40878,11.82835821,#N/A,24692.208,#N/A,1.1707,6.0872865,2.060713605,
323,Healthpeak Properties Inc.,PEAK,0.053197,Real Estate,12.768412,44.203175,28.714645,-26.972412,-4.022807,6.205450734,#N/A,14032.891,#N/A,0.0899,5.4031706,2.861927563,
324,Nasdaq Inc.,NDAQ,0.053115,Financials,8.382141,15.241587,33.56626,6.504512,26.258362,1.979989468,#N/A,13924,#N/A,4.6356,4.5527453,3.135593791,
325,CBRE Group Inc. Class A,CBRE,0.053082,Real Estate,-7.5502214,15.189016,53.07193,-29.016876,-14.277524,0,#N/A,16197.196,#N/A,3.7658,6.5650845,3.291830524,
326,Hartford Financial Services Group Inc.,HIG,0.052863,Financials,-19.065386,22.748434,39.415073,-30.435223,-30.30954,3.476163451,#N/A,66114,#N/A,5.6563,4.219965,1.371177563,
327,Expeditors International of Washington Inc.,EXPD,0.052511,Industrials,6.647086,1.6177654,16.052282,-14.329892,1.6054869,1.498800959,#N/A,3777.69,#N/A,3.389,6.292909,6.02904016,
328,Hormel Foods Corporation,HRL,0.052162,Consumer Staples,19.345974,13.072515,7.6616645,7.8403354,18.125153,1.826169807,32.5,8338.313,0.003897671,1.7952,5.647334,3.661972085,
329,NVR Inc.,NVR,0.052034,Consumer Discretionary,-30.534857,50.059925,56.275154,-12.901747,-5.3997517,0,#N/A,3809.815,#N/A,221.1274,6.5873494,5.734755486,
330,ViacomCBS Inc. Class B,VIAC,0.051523,Communication Services,-24.677961,-26.667864,-2.2186637,-71.7486,-51.533134,5.995717345,#N/A,49519,#N/A,5.3614,7.473573,1.954383743,
331,Halliburton Company,HAL,0.051452,Energy,-44.13751,-52.98416,-5.229497,-75.71333,-43.115467,10.51094891,#N/A,25377,#N/A,-1.2926,10.320835,2.681561552,
332,Paycom Software Inc.,PAYC,0.050922,Information Technology,52.433704,37.891243,116.21888,-1.4925361,41.083706,0,73.08,2486.917,0.029385782,3.091,11.8793545,28.98833175,
333,Essex Property Trust Inc.,ESS,0.050833,Real Estate,4.673326,35.78005,25.87577,-27.759558,-15.850425,3.599482383,#N/A,12705.405,#N/A,6.662,3.9438503,3.196633324,
334,Fifth Third Bancorp,FITB,0.050776,Financials,-20.006592,-1.4748216,34.636642,-44.971424,-31.30297,6.666666667,#N/A,169369,#N/A,3.3302,6.8062377,1.12139482,
335,International Paper Company,IP,0.050625,Materials,-27.019327,-15.709424,19.084476,-32.47639,-15.777141,#N/A,29,33471,0.000866422,3.0717,6.448348,2.341104818,
336,Xylem Inc.,XYL,0.050418,Industrials,-0.93840957,-3.5714269,19.529366,-24.590366,-23.409546,1.504682942,191,7710,0.024773022,2.2131,6.5004964,4.799875236,
337,Duke Realty Corporation,DRE,0.050385,Real Estate,-1.8191814,22.98646,37.258675,0.97465515,16.477978,2.779493515,#N/A,8420.562,#N/A,1.1766,4.3714056,2.542154151,
338,FMC Corporation,FMC,0.050341,Materials,-20.922256,12.842751,58.300804,-0.36737323,18.875694,2.05655527,298.1,9872.7,0.030194374,3.6015,6.999215,5.089912265,
339,ABIOMED Inc.,ABMD,0.049984,Health Care,73.43792,-61.685986,-47.517235,-47.98387,-3.6978304,0,94.418,1054.346,0.089551248,5.6124,12.144485,13.75473618,
340,Nucor Corporation,NUE,0.049898,Materials,-16.089964,-19.113535,11.720705,-37.188072,-24.577862,4.502103787,#N/A,18344.666,#N/A,4.1378,6.992885,1.639911268,
341,M&T Bank Corporation,MTB,0.049107,Financials,-14.21721,-4.232192,21.463001,-38.13145,-38.17107,4.060717393,#N/A,119872.757,#N/A,13.7549,6.4636545,1.532316718,
342,Extra Space Storage Inc.,EXR,0.048431,Real Estate,7.3070407,39.0133,20.667553,-3.538251,-4.8718214,3.759398496,#N/A,8532.377,#N/A,3.2353,4.7505565,5.386469771,
343,Genuine Parts Company,GPC,0.048365,Consumer Discretionary,4.0943027,0.95437765,13.809633,-41.805923,-14.917308,4.57077083,0,14645.629,0,4.2419,5.906942,4.202653095,
344,Tyler Technologies Inc.,TYL,0.048272,Information Technology,4.9534082,9.261883,61.457314,40.948414,58.868088,0,81.342,2243.054,0.036263951,3.6536,5.730096,7.293104173,
345,Tiffany & Co.,TIF,0.048081,Consumer Discretionary,-20.480991,-27.432806,68.84859,24.430573,32.106495,1.708700194,0,5333,0,4.75,10.729761,3.458233249,
346,STERIS Plc,STE,0.047656,Health Care,23.642397,24.395584,43.977547,9.197199,3.916204,1.035936272,63.038,5073.071,0.012426004,3.5575,4.706844,3.405084888,
347,Martin Marietta Materials Inc.,MLM,0.04756,Materials,-21.412415,46.468864,63.90296,-7.7205896,-7.41812,1.125614332,#N/A,10420.8,#N/A,9.7448,6.4682055,3.261107872,
348,Waters Corporation,WAT,0.04752,Health Care,-2.3500204,15.567005,23.853695,-27.935017,-17.807281,0,142.955,2557.055,0.055906111,8.6876,6.6331882,#N/A,
349,Brown-Forman Corporation Class B,BF.B,0.046905,Consumer Staples,-10.404831,24.704515,43.48948,1.0460854,16.13338,0.993938498,#N/A,5139,#N/A,1.7321,5.7046742,15.43926133,
350,IDEX Corporation,IEX,0.046868,Industrials,-3.0688822,6.803,37.75543,-13.21094,-8.95772,1.448121063,148.8,3813.912,0.039015059,5.5657,5.974277,5.782509724,
351,Mid-America Apartment Communities Inc.,MAA,0.046794,Real Estate,-1.1634827,34.37375,41.79728,-5.706149,2.5816202,3.804717073,#N/A,11230.45,#N/A,3.0682,4.3938127,2.482391138,
352,International Flavors & Fragrances Inc.,IFF,0.046568,Materials,-10.156608,-10.039001,-1.7055154,-20.717066,-11.619986,2.919278997,346.128,13287.411,0.026049318,3.996,7.2220607,2.216024423,
353,PerkinElmer Inc.,PKI,0.046306,Health Care,7.8090906,-13.42774,23.971987,-27.133924,-0.2765298,0.393258427,189.336,6538.564,0.028956817,2.0409,6.571119,3.833266911,
354,Hess Corporation,HES,0.046036,Energy,-12.576365,-17.388386,67.43209,-45.79224,-20.880657,3.003003003,#N/A,21782,#N/A,-1.3679,11.166697,2.333265465,
355,Synchrony Financial,SYF,0.045976,Financials,-37.37374,8.005083,57.16113,-52.793125,-35.871113,5.407085146,#N/A,104826,#N/A,5.5635,8.59055,1.545176569,
356,Alliant Energy Corp,LNT,0.045897,Utilities,2.3011088,30.3702,32.87575,-0.9284854,2.5311232,2.992337958,#N/A,17204.1,#N/A,2.3363,3.584921,2.571860035,
357,J.M. Smucker Company,SJM,0.045872,Consumer Staples,-22.126532,8.662569,15.081835,-2.281177,-6.668955,#N/A,56,16874.9,0.003318538,4.5252,5.9266896,1.749980164,
358,C.H. Robinson Worldwide Inc.,CHRW,0.045611,Industrials,-3.5020769,-12.540883,-4.614103,-22.321636,-3.7836552,3.051359517,#N/A,4641.06,#N/A,4.189,5.439871,6.313880606,
359,United Rentals Inc.,URI,0.045409,Industrials,-40.35833,-26.495356,62.654842,-18.736767,8.5629225,0,#N/A,19599,#N/A,15.1074,11.995489,3.23795881,
360,SVB Financial Group,SIVB,0.044402,Financials,-18.757755,-36.281235,32.181965,-39.321316,-7.646847,0,#N/A,71217.194,#N/A,21.7326,11.238244,2.115377745,
361,Occidental Petroleum Corporation,OXY,0.044255,Energy,-12.462669,-43.582336,-27.7452,-79.3242,-60.245075,27.20207254,#N/A,112977,#N/A,-1.2168,7.9230924,1.505776467,
362,NortonLifeLock Inc.,NLOK,0.044197,Information Technology,-31.593006,14.526213,36.914528,34.368263,46.05621,2.186987425,420,15938,0.026352114,0.0491,9.96985,2.524171218,
363,Ulta Beauty Inc,ULTA,0.044058,Consumer Discretionary,9.469724,-5.997312,3.3899665,-54.19089,-40.193314,0,0,3279.48,0,10.94,10.132533,9.377468199,
364,Boston Properties Inc.,BXP,0.043802,Real Estate,-10.751361,9.523809,25.89072,-34.21675,-27.234703,4.185189201,#N/A,21284.905,#N/A,3.2995,5.136599,3.890721141,
365,Atmos Energy Corporation,ATO,0.043793,Utilities,10.257303,24.075485,22.961605,-5.123937,-2.213347,2.21707145,#N/A,14142.833,#N/A,4.3503,3.114347,2.36364923,
366,Hewlett Packard Enterprise Co.,HPE,0.043529,Information Technology,-5.1357927,-6.6749096,23.523844,-36.8239,-34.659843,3.284278536,1842,51803,0.035557786,0.7679,7.441803,1.241931419,
367,Leidos Holdings Inc.,LDOS,0.04349,Information Technology,-16.369831,26.849388,88.182846,36.36925,18.086565,1.523766204,49,9658,0.005073514,4.6,6.61815,4.10978089,
368,Expedia Group Inc.,EXPE,0.043485,Consumer Discretionary,-4.909408,3.7523031,-2.831781,-55.64241,-35.860104,2.381375511,1226,21416,0.057246918,3.7696,8.146917,3.887240548,
369,Celanese Corporation,CE,0.043165,Materials,-14.036232,7.5203776,39.513172,-30.32698,-19.545782,3.379206976,67,9476,0.007070494,6.835,6.181532,5.87141543,
370,Westinghouse Air Brake Technologies Corporation,WAB,0.043142,Industrials,-13.140118,-33.775734,11.430609,-37.59207,-20.283531,0.997298982,209.9,18944.2,0.011079908,1.837,9.76667,1.497935814,
371,KeyCorp,KEY,0.042678,Financials,-23.921663,-9.07948,41.7456,-37.767582,-30.325115,6.991321119,#N/A,144988,#N/A,1.6164,7.2098823,1.160834677,
372,Evergy Inc.,EVRG,0.042664,Utilities,10.804928,23.671318,18.055307,-6.4774513,4.7207355,3.560399637,#N/A,25975.9,#N/A,2.7924,3.9676707,1.720982904,
373,E*TRADE Financial Corporation,ETFC,0.042604,#N/A,-11.196285,-28.49152,4.671824,-32.16594,8.718502,1.631701632,#N/A,61416,#N/A,3.8456,7.072966,1.725380434,
374,Cincinnati Financial Corporation,CINF,0.042581,Financials,6.095767,54.45137,38.71093,-12.1191025,-36.82108,3.021868787,#N/A,24972,#N/A,12.0957,4.792547,1.736509927,
375,Ingersoll Rand Inc.,IR,0.042476,Industrials,-39.72885,-3.3916473,79.3643,-14.914155,-19.494688,0,25,4628.4,0.005401435,0.7616,9.153778,4.022573789,
376,Arista Networks Inc.,ANET,0.042463,Information Technology,-10.561169,-11.281008,-3.4646451,-39.449047,-20.316542,0,462.759,4185.29,0.110567965,10.6266,11.8331585,5.367601537,
377,PulteGroup Inc.,PHM,0.042159,Consumer Discretionary,-20.691729,50.42839,51.019623,-23.77196,4.1407228,2.0609319,#N/A,10715.597,#N/A,3.6555,6.3656096,1.920993688,
378,J.B. Hunt Transport Services Inc.,JBHT,0.041925,Industrials,-18.24665,-9.629196,26.633703,-11.503136,30.107403,1.138458202,#N/A,5582.007,#N/A,4.7672,6.408661,5.471278132,
379,Teledyne Technologies Incorporated,TDY,0.041905,Industrials,14.308596,29.056417,67.354034,15.361547,10.317696,0,209.6,4579.8,0.045766191,10.728,5.573185,4.682695607,
380,Omnicom Group Inc,OMC,0.041851,Communication Services,3.858304,18.507624,14.172578,-26.283628,-31.609816,4.735883424,#N/A,26783.4,#N/A,6.062,4.844666,6.163297722,
381,Jacobs Engineering Group Inc.,J,0.041731,Industrials,-10.460883,16.83104,54.823814,3.6575913,-0.21226406,0.961538462,#N/A,11462.711,#N/A,-0.6406,6.5812263,2.108746099,
382,Fortune Brands Home & Security Inc.,FBHS,0.041711,Industrials,-43.322617,5.7000875,74.30901,-15.89058,10.219359,2.080924855,48.2,6291.3,0.007661374,3.0566,7.918764,3.757748847,
383,AES Corporation,AES,0.041584,Utilities,38.31948,19.42705,41.39695,-25.486607,-10.73584,4.114705882,#N/A,33648,#N/A,0.4528,5.1586914,4.410099349,
384,ONEOK Inc.,OKE,0.041056,Energy,7.00655,10.485864,46.802593,-67.58351,-48.47679,16.52911508,#N/A,21812.121,#N/A,3.075,6.3895187,5.02249403,
385,Whirlpool Corporation,WHR,0.040538,Consumer Discretionary,-33.93026,34.48857,42.490864,-36.491413,-9.438109,5.594405594,541,18881,0.028653143,18.4424,9.443015,2.909042008,
386,Gartner Inc.,IT,0.040298,Information Technology,3.8083553,-11.000193,20.54131,-39.805134,-26.654446,0,#N/A,7151.294,#N/A,2.5644,7.0359764,14.63808962,
387,Principal Financial Group Inc.,PFG,0.040207,Financials,-34.424603,-2.1331072,29.454386,-43.055023,-27.826982,7.019783025,#N/A,276087.8,#N/A,4.9616,7.39826,1.040703228,
388,Advance Auto Parts Inc.,AAP,0.040131,Consumer Discretionary,58.19039,-1.2205303,1.8671393,-48.396023,-8.953321,0.151562993,0,11248.525,0,6.8418,9.215717,3.088937002,
389,Bio-Rad Laboratories Inc. Class A,BIO,0.039739,Health Care,-2.7024746,5.9158564,59.34459,8.936238,44.126236,0,196.71,8008.859,0.024561551,58.2651,7.7617846,1.92409429,
390,CenterPoint Energy Inc.,CNP,0.039361,Utilities,3.4555674,12.672472,0.6730437,-50.252445,-28.799576,7.459546926,#N/A,36287,#N/A,1.3342,5.234313,2.069216702,
391,Regions Financial Corporation,RF,0.039081,Financials,-19.90741,-11.769563,32.660686,-39.297886,-25.348372,6.744704571,#N/A,126240,#N/A,1.5045,7.1937513,1.096185135,
392,Darden Restaurants Inc.,DRI,0.038408,Consumer Discretionary,6.873572,9.9981785,12.427402,-58.989044,-35.23316,2.799339389,#N/A,6224.5,#N/A,5.689,6.774868,6.179744621,
393,Citizens Financial Group Inc.,CFG,0.038359,Financials,-26.846117,-7.53389,41.170536,-44.503708,-27.72472,7.602339181,#N/A,165733,#N/A,3.8075,7.5788965,0.852554293,
394,MGM Resorts International,MGM,0.038315,Consumer Discretionary,-25.905954,4.6787977,39.282764,-53.7044,-40.109795,4.576271186,#N/A,35266.217,#N/A,3.8781,7.553434,2.166318853,
395,Baker Hughes Company Class A,BKR,0.038039,Energy,-29.772442,-29.078228,22.55814,-62.212643,-35.941227,6.857142857,687,53369,0.012872641,0.2298,11.678247,0.759701834,
396,CenturyLink Inc.,CTL,0.037149,Communication Services,3.7769794,-37.4359,-6.204617,-20.85691,-7.09402,10.57082452,#N/A,64742,#N/A,-4.9177,9.269882,1.069017588,
397,Seagate Technology PLC,STX,0.037086,Information Technology,-1.7447472,17.879951,60.767044,4.109025,4.98842,5.594405594,991,8885,0.111536297,7.0596,9.965324,5.864890936,
398,Royal Caribbean Group,RCL,0.036665,Consumer Discretionary,-15.836679,-17.054922,39.55413,-75.08001,-54.967392,9.449797948,#N/A,30320.284,#N/A,8.9501,8.2887745,2.2917933,
399,UDR Inc.,UDR,0.03664,Real Estate,6.1721206,24.012995,21.277142,-24.105167,-10.7127075,3.797208539,#N/A,9636.472,#N/A,0.6324,3.9095385,4.1533373,
400,Concho Resources Inc.,CXO,0.036262,Energy,-31.573689,-57.829563,-14.320463,-62.34502,-50.174084,1.341890315,#N/A,25491,#N/A,-3.548,10.076797,0.973546051,
401,Western Digital Corporation,WDC,0.036124,Information Technology,-50.999622,3.5677314,75.73708,-18.535805,-11.480361,5.234231876,2182,26370,0.082745544,-2.5822,12.739106,1.407369347,
402,Cboe Global Markets Inc,CBOE,0.035692,Financials,-20.54739,20.447277,24.031485,-7.497674,-8.247417,1.557422969,#N/A,5169.7,#N/A,3.3336,6.6223063,3.957213291,
403,Hasbro Inc.,HAS,0.035659,Consumer Discretionary,-7.89966,13.27467,33.2677,-15.032679,-27.25991,4.143814747,262.156,8855.628,0.029603321,4.0503,8.473705,4.832063409,
404,Western Union Company,WU,0.035407,Information Technology,-6.259865,26.301945,61.664726,-1.2593746,12.812817,4.550468836,#N/A,8758.5,#N/A,2.456,4.6821446,#N/A,
405,Huntington Bancshares Incorporated,HBAN,0.035176,Financials,-14.697802,-2.947092,31.375837,-38.812786,-33.176548,7.1863581,#N/A,109002,#N/A,1.266,6.8954144,1.452195049,
406,Albemarle Corporation,ALB,0.034975,Materials,-38.689495,-30.833494,-3.3216536,-33.102726,10.287213,2.638814973,58.287,9860.863,0.005910943,5.0153,9.232662,1.969651617,
407,Eastman Chemical Company,EMN,0.03497,Materials,-18.598873,-23.433464,11.858845,-38.779934,-10.415882,5.495920996,234,16008,0.014617691,5.4801,7.377423,1.808456485,
408,Henry Schein Inc.,HSIC,0.034533,Health Care,12.364054,-7.4454784,8.394718,-20.363998,-15.309352,0,#N/A,7151.101,#N/A,3.4033,6.517825,3.183566714,
409,DENTSPLY SIRONA Inc.,XRAY,0.034148,Health Care,-42.943947,42.920662,53.090572,-24.362957,-22.239368,0.997939737,131.3,8602.9,0.015262295,1.1716,7.666626,2.459178463,
410,LKQ Corporation,LKQ,0.034036,Consumer Discretionary,-41.65232,-2.5300503,50.442482,-34.508728,-7.2828054,0,0,12779.956,0,1.7406,7.612147,2.186180522,
411,Avery Dennison Corporation,AVY,0.033903,Materials,-20.041788,4.334295,48.14651,-13.580793,-1.872474,2.312830226,92.6,5488.8,0.016870719,3.5718,6.699482,9.112883849,
412,Allegion PLC,ALLE,0.033425,Industrials,1.2443542,12.047398,57.59629,-7.469779,-7.577115,1.227993914,54.7,2967.2,0.018434888,4.2927,6.211137,15.24663457,
413,NetApp Inc.,NTAP,0.033344,Information Technology,10.032535,-37.701683,7.27334,-40.537083,-27.705288,3.076408627,827,8741,0.094611601,4.5135,9.511391,15.83118104,
414,Raymond James Financial Inc.,RJF,0.032914,Financials,-15.442329,-12.540603,22.550714,-27.298992,-20.281427,2.246835443,#N/A,38922,#N/A,7.1667,6.257893,1.727161298,
415,Lamb Weston Holdings Inc.,LW,0.032821,Consumer Staples,31.665182,12.7710705,18.039692,-29.931057,2.7986526,0.875158161,15.4,3048.1,0.005052328,3.1758,6.4348617,#N/A,
416,Packaging Corporation of America,PKG,0.032816,Materials,-28.278727,-3.6643088,37.97028,-15.22882,4.997432,3.639295174,16,7235.8,0.002211228,7.3454,6.0446715,3.451760879,
417,NRG Energy Inc.,NRG,0.032481,Utilities,39.466286,4.3593884,0.68181753,-34.82527,-4.5723915,1.430667645,7,12531,0.000558615,15.6439,11.122238,5.969597852,
418,Universal Health Services Inc. Class B,UHS,0.03198,Health Care,3.1848192,14.701986,23.593008,-34.233772,-27.900362,0.706499798,#N/A,11668.25,#N/A,9.1288,7.258284,2.259937558,
419,Fox Corporation Class A,FOXA,0.031971,Communication Services,#N/A,#N/A,#N/A,-37.50339,-23.747211,1.946677952,#N/A,19509,#N/A,2.5684,7.0693336,2.285979533,
420,W. R. Berkley Corporation,WRB,0.031542,Financials,6.071186,38.30911,43.64766,-8.164347,-12.330627,0.843396588,#N/A,26468.31,#N/A,3.5239,3.8687303,2.086236755,
421,Everest Re Group Ltd.,RE,0.031503,Financials,0.81351995,20.086456,29.771305,-13.891315,-16.18492,3.066209334,#N/A,25114.864,#N/A,24.6953,5.064005,1.236710577,
422,Campbell Soup Company,CPB,0.031446,Consumer Staples,-28.517973,32.69124,54.046665,25.178337,26.39582,2.869440459,88,13148,0.006693033,0.9007,7.3139353,11.1776665,
423,Loews Corporation,L,0.031419,Financials,-8.514887,0.23880005,15.861166,-32.456856,-39.226616,0.717772036,#N/A,82243,#N/A,3.0724,4.171154,0.798840319,
424,DISH Network Corporation Class A,DISH,0.031205,Communication Services,-47.706806,-4.8560085,42.61129,-43.349945,-10.546332,0,21,33620.805,0.000624613,2.6015,9.040774,1.604234056,
425,NiSource Inc,NI,0.031046,Utilities,1.7919779,23.134315,12.978304,-15.294534,-15.075207,3.243892671,#N/A,24072.9,#N/A,0.8724,4.314102,2.083274093,
426,United Airlines Holdings Inc.,UAL,0.030655,Industrials,24.228489,0.2625227,5.207205,-68.28243,-61.05144,0,#N/A,56671,#N/A,11.5775,7.4877386,1.9191441,
427,Iron Mountain Inc.,IRM,0.030485,Real Estate,-7.80943,1.0005832,5.8978796,-30.96783,-6.521809,10.33193277,#N/A,13816.816,#N/A,0.9294,6.0290422,6.254427848,
428,Textron Inc.,TXT,0.030483,Industrials,-18.589855,-33.14755,-2.8484523,-51.647926,-39.77038,0.32193159,647,15018,0.043081635,3.5022,8.178227,1.848269241,
429,Pinnacle West Capital Corporation,PNW,0.030213,Utilities,3.3370376,27.088345,9.066904,-22.133219,-16.444843,4.011083256,#N/A,18479.247,#N/A,4.7741,3.95884,1.861918254,
430,BorgWarner Inc.,BWA,0.030096,Consumer Discretionary,-30.671364,-14.061033,26.82786,-42.39881,-16.758043,2.790315962,413,9702,0.042568543,3.6074,8.701454,1.902669132,
431,Mylan N.V.,MYL,0.029565,Health Care,-35.2399,-48.382675,-26.642334,-49.912186,-18.955761,0,#N/A,0,#N/A,0,10.564479,#N/A,
432,Snap-on Incorporated,SNA,0.029561,Industrials,-14.687324,-13.773042,19.299328,-31.985426,-16.353195,3.764487714,59.1,5693.5,0.010380258,12.4061,6.4767494,2.712392604,
433,Globe Life Inc.,GL,0.029509,Financials,-17.142546,9.749198,42.127335,-20.734322,-19.340498,0.979574823,#N/A,25977.46,#N/A,6.8305,4.647608,1.554301842,
434,Cabot Oil & Gas Corporation,COG,0.02888,Energy,-20.979023,-19.730944,-20.536917,-34.209515,-24.42416,2.210587551,#N/A,4553.838,#N/A,1.6315,7.136695,3.219691716,
435,F5 Networks Inc.,FFIV,0.028564,Information Technology,23.479652,-28.95013,-13.812262,-35.75896,-7.2981358,0,408.058,3390.275,0.120361328,7.0751,6.879096,4.81223312,
436,Juniper Networks Inc.,JNPR,0.028559,Information Technology,-3.052634,-18.248665,-5.648458,-26.50736,-13.367992,4.022988506,955.7,8837.7,0.108138995,0.9908,5.9885445,1.794390399,
437,Wynn Resorts Limited,WYNN,0.027938,Consumer Discretionary,-39.69986,-9.474021,44.19167,-55.15695,-41.493332,6.645622196,#N/A,13921.106,#N/A,1.1496,11.607495,8.553784065,
438,DaVita Inc.,DVA,0.027556,Health Care,-28.77509,-23.473799,45.80257,32.192276,43.768944,0,#N/A,18077.93,#N/A,5.2725,9.827915,4.425775794,
439,Host Hotels & Resorts Inc.,HST,0.027521,Real Estate,-11.738038,-14.973772,16.376709,-42.271793,-36.488712,7.246376812,#N/A,12305,#N/A,1.2584,5.5366783,1.808112039,
440,Rollins Inc.,ROL,0.027287,Industrials,17.880928,-13.584381,-6.8421006,-15.050041,19.288074,1.203652463,#N/A,1744.376,#N/A,0.621,5.881157,13.30994593,
441,Pentair plc,PNR,0.027218,Industrials,-18.119705,-13.564998,23.319221,-38.250168,0.66844225,2.48655914,78.9,4139.5,0.019060273,2.0874,5.902615,3.951030308,
442,CF Industries Holdings Inc.,CF,0.026777,Materials,5.101073,-8.156931,12.479901,-35.318027,-36.070507,4.411764706,#N/A,12490,#N/A,2.2247,8.359286,3.559881168,
443,Assurant Inc.,AIZ,0.026621,Financials,-9.044027,18.019438,49.273266,8.767557,-4.982102,#N/A,#N/A,34697.8,#N/A,5.8398,5.6726785,1.390769378,
444,WestRock Company,WRK,0.026493,Materials,-37.50198,-31.567162,18.485165,-28.212225,-21.909214,6.510969568,#N/A,30156.7,#N/A,3.33,7.2435827,0.805217722,
445,Perrigo Co. Plc,PRGO,0.026234,Health Care,-54.669575,-21.157091,35.432255,-6.346786,14.869046,1.854663774,187.4,11301.4,0.016582016,1.0703,10.641834,1.211435046,
446,Lincoln National Corporation,LNC,0.025818,Financials,-31.53376,-13.0492325,17.89124,-59.03731,-44.751297,5.85106383,#N/A,318775,#N/A,4.3839,8.254148,0.589436236,
447,Diamondback Energy Inc.,FANG,0.025459,Energy,-26.277233,-37.408627,0.9142399,-74.91802,-62.757202,3.578244275,#N/A,23531,#N/A,1.4648,8.380703,1.114420476,
448,Quanta Services Inc.,PWR,0.025434,Industrials,-22.935312,9.614801,35.81395,-19.87577,-1.407373,0.56728648,#N/A,8331.682,#N/A,2.7251,7.7969985,1.430883679,
449,Interpublic Group of Companies Inc.,IPG,0.025281,Communication Services,6.498003,-3.0785978,16.529333,-26.78318,-19.928986,5.929586164,#N/A,17751.9,#N/A,1.6769,6.1429987,3.220468237,
450,Live Nation Entertainment Inc.,LYV,0.025263,Communication Services,15.691805,22.43992,45.11676,-39.702236,-31.47707,0,#N/A,10975.615,#N/A,-0.0232,6.134134,13.33005071,
451,Molson Coors Beverage Company Class B,TAP,0.025116,Consumer Staples,-29.572313,-2.1238327,-0.5341828,-33.79162,-34.700764,5.434503973,#N/A,28859.8,#N/A,1.1143,7.3423805,0.868784804,
452,Regency Centers Corporation,REG,0.02479,Real Estate,-11.96878,10.947442,11.503065,-44.023346,-27.263195,6.115014312,#N/A,11133.108,#N/A,1.4271,4.6458116,1.697035688,
453,Carnival Corporation,CCL,0.024375,Consumer Discretionary,-22.781384,-29.992134,7.1602583,-79.30638,-61.417152,5.977286312,#N/A,45058,#N/A,4.3208,7.212928,1.215640559,
454,A. O. Smith Corporation,AOS,0.024368,Industrials,-29.079628,-11.455626,13.67681,-32.33932,0.6605506,2.433218725,87.9,3058,0.028744277,2.2194,7.249753,4.640854915,
455,Robert Half International Inc.,RHI,0.023756,Industrials,5.0054073,-20.461094,12.569928,-40.754097,-7.434678,3.364238411,#N/A,2311.408,#N/A,3.9037,7.0487943,6.356527192,
456,Huntington Ingalls Industries Inc.,HII,0.023573,Industrials,-17.976242,-18.443548,33.723927,-16.72002,-20.834082,2.074529389,23,7548,0.003047165,13.2609,6.880925,6.445783148,
457,Howmet Aerospace Inc.,HWM,0.023318,Industrials,-37.247704,14.81483,83.2147,-16.935211,-27.669722,#N/A,70,17578,0.003982251,1.0302,11.788438,2.925956285,
458,Sealed Air Corporation,SEE,0.02318,Materials,-28.032452,3.4456968,16.159594,-45.38745,-24.237555,2.590044516,77.3,5765.2,0.013408034,1.8892,6.811234,#N/A,
459,Discovery Inc. Class C,DISCK,0.022949,Communication Services,9.0222,-17.007029,32.10572,-32.620323,-32.068474,0,#N/A,33735,#N/A,2.8577,10.744983,1.633778546,
460,Mosaic Company,MOS,0.022651,Materials,14.22447,-38.05902,-25.316673,-62.966953,-50.257225,1.848428835,#N/A,19298.5,#N/A,-2.7811,10.491925,0.892326242,
461,Newell Brands Inc,NWL,0.02261,Consumer Discretionary,-36.86084,-4.356331,8.33782,-13.795328,9.724045,6.927710843,149,15642,0.009525636,0.2342,13.721158,1.639970921,
462,L Brands Inc.,LB,0.022447,Consumer Discretionary,-53.38758,-32.068623,-24.73705,-57.993385,-39.87223,5.18134715,0,8090,0,2.3082,14.135862,#N/A,
463,American Airlines Group Inc.,AAL,0.02234,Industrials,-37.516815,-31.330479,-9.43631,-65.7187,-60.127735,3.281378179,#N/A,59995,#N/A,3.795,9.870924,#N/A,
464,Franklin Resources Inc.,BEN,0.021792,Financials,-22.4325,-5.050838,-8.867163,-49.91119,-39.999996,6.351108448,#N/A,14532.2,#N/A,2.3494,6.8228993,1.454589441,
465,Hanesbrands Inc.,HBI,0.020301,Consumer Discretionary,-37.207077,-13.808459,23.30407,-56.050606,-31.290508,7.326007326,51.52,7353.986,0.007005725,1.6435,11.090238,4.346704653,
466,Comerica Incorporated,CMA,0.020278,Financials,-18.753593,-26.12213,8.35638,-60.751842,-47.07575,9.168370825,#N/A,73686,#N/A,7.8874,7.5698457,1.391477911,
467,Apache Corporation,APA,0.02027,Energy,-35.457134,-47.746075,1.2952447,-85.64484,-52.84247,18.54066986,#N/A,18107,#N/A,-9.4244,12.840306,2.956511894,
468,News Corporation Class A,NWSA,0.020189,Communication Services,-28.747684,7.4809074,26.343609,-29.39297,-9.705883,2.228412256,#N/A,15711,#N/A,0.2636,7.0024595,0.863351712,
469,Federal Realty Investment Trust,FRT,0.01991,Real Estate,-8.079206,11.740721,12.563526,-46.381985,-28.429771,5.589063128,#N/A,6794.992,#N/A,4.612,4.8223844,4.093877089,
470,Zions Bancorporation N.A.,ZION,0.019879,Financials,-17.804443,-10.812992,30.584192,-42.979454,-26.80769,4.932735426,#N/A,69172,#N/A,4.1929,7.113596,1.26267263,
471,Vornado Realty Trust,VNO,0.019535,Real Estate,-17.434132,-9.560049,14.605832,-43.4339,-32.700092,#N/A,#N/A,18287.013,#N/A,16.2131,5.4048204,2.174447592,
472,IPG Photonics Corporation,IPGP,0.019495,Information Technology,-47.09289,-14.946663,27.919495,-34.727615,-0.56173205,0,129.357,2730.436,0.04737595,3.3476,12.660545,3.198672855,
473,Nielsen Holdings Plc,NLSN,0.019476,Industrials,-32.087917,-19.241882,-8.229751,-47.817135,-32.351624,6.53907496,#N/A,14319,#N/A,-1.1666,7.8717575,3.293775575,
474,Mohawk Industries Inc.,MHK,0.019292,Consumer Discretionary,-57.60783,-30.184227,16.60397,-47.66969,-35.29958,0,#N/A,13386.68,#N/A,10.2985,8.54985,1.203123569,
475,Apartment Investment & Management Co Class A,AIV,0.018819,Real Estate,3.8663507,22.063564,21.335125,-32.510452,-19.082891,4.495030528,#N/A,6828.739,#N/A,3.9013,4.2656198,4.3186062,
476,Leggett & Platt Incorporated,LEG,0.018208,Consumer Discretionary,-21.768278,-4.5152483,46.23326,-38.948845,-7.0764484,5.997001499,#N/A,4816.4,#N/A,2.4653,7.876849,5.106243621,
477,FLIR Systems Inc.,FLIR,0.017926,Information Technology,-5.2338004,-15.156937,21.152962,-35.684986,-23.258823,2.132329884,204.207,3137.541,0.065085046,1.2559,8.063047,3.73932583,
478,Noble Energy Inc.,NBL,0.017652,#N/A,-34.145504,-31.171286,34.914707,-75.1947,-58.915077,7.947019868,#N/A,21323,#N/A,-3.1632,11.003245,1.426601524,
479,DXC Technology Co.,DXC,0.017611,Information Technology,-34.31055,-69.2406,-27.760012,-80.499695,-70.021454,6.436781609,#N/A,29574,#N/A,4.4665,13.102913,1.513982265,
480,Kimco Realty Corporation,KIM,0.017352,Real Estate,-13.11295,32.414223,49.01023,-48.18482,-23.398327,11.58221303,#N/A,10997.867,#N/A,0.8,6.8119946,1.838258137,
481,People's United Financial Inc.,PBCT,0.01717,Financials,-19.104279,-5.78292,22.02009,-34.031097,-29.159243,6.425339367,#N/A,58740.5,#N/A,1.2742,6.514811,0.960227818,
482,National Oilwell Varco Inc.,NOV,0.017057,Energy,-28.0955,-52.114594,-1.7509758,-64.94126,-46.198826,2.034587996,#N/A,13470,#N/A,-15.9555,9.150241,1.242795014,
483,Marathon Oil Corporation,MRO,0.017014,Energy,-14.116955,-49.748535,-3.9051592,-80.90857,-57.19298,6.079027356,#N/A,20245,#N/A,0.5926,11.005979,0.889465855,
484,Alaska Air Group Inc.,ALK,0.015834,Industrials,-15.480888,-2.125156,13.640106,-51.543964,-42.277504,5.005268704,#N/A,14001,#N/A,6.1872,7.8244405,1.924098776,
485,Devon Energy Corporation,DVN,0.015637,Energy,-44.830917,-41.592045,16.770184,-77.330376,-60.276814,5.499276411,#N/A,13717,#N/A,-0.8903,12.02455,1.709848517,
486,Tapestry Inc.,TPR,0.01506,Consumer Discretionary,-20.642096,-46.464043,-16.08889,-62.803234,-55.327477,9.705248023,0,6877.3,0,2.2125,10.867742,2.590130078,
487,Fox Corporation Class B,FOX,0.014612,Communication Services,#N/A,#N/A,#N/A,-38.43707,-23.873747,2.01048951,#N/A,19509,#N/A,2.5684,7.5652776,2.279116604,
488,Norwegian Cruise Line Holdings Ltd.,NCLH,0.013904,Consumer Discretionary,-20.394367,-10.570824,37.79193,-82.97986,-68.91329,0,#N/A,16684.599,#N/A,4.2972,8.965744,1.910213116,
489,Flowserve Corporation,FLS,0.013759,Industrials,-7.9515815,-14.752287,33.40347,-48.536377,-46.847523,3.223105902,42,4919.642,0.008537207,1.9258,8.620639,3.628622152,
490,SL Green Realty Corp.,SLG,0.013756,Real Estate,-18.391455,-15.462422,20.52983,-52.87026,-35.753525,6.682134571,#N/A,12766.32,#N/A,3.1046,5.6611543,1.394247016,
491,Invesco Ltd.,IVZ,0.01362,Financials,-50.93049,-24.033028,14.75507,-53.68052,-44.76631,13.65638767,#N/A,39420.3,#N/A,1.282,7.6917853,0.82727714,
492,PVH Corp.,PVH,0.013553,Consumer Discretionary,-32.147808,-39.279644,13.28671,-73.78229,-50.86868,0.17207755,0,11863.7,0,9.6559,10.276832,1.407203131,
493,HollyFrontier Corporation,HFC,0.013546,Energy,2.3818731,-21.477854,1.819253,-52.99267,-36.69206,5.54875561,#N/A,12367.033,#N/A,4.6083,12.554972,1.372862533,
494,Unum Group,UNM,0.013522,Financials,-44.689377,-25.375992,2.9611945,-59.09352,-50.4939,#N/A,#N/A,63580,#N/A,5.2432,9.361622,0.593842247,
495,Discovery Inc. Class A,DISCA,0.012335,Communication Services,10.545135,-17.42751,32.336308,-29.89189,-31.339634,0,#N/A,33735,#N/A,2.8577,10.802914,1.754342722,
496,Ralph Lauren Corporation Class A,RL,0.012128,Consumer Discretionary,2.0686626,-30.474747,15.897441,-46.94162,-36.008717,4.044712458,0,5942.8,0,5.2742,9.524393,3.081043953,
497,TechnipFMC Plc,FTI,0.012037,Energy,-35.803257,-23.902596,12.155258,-70.93596,-71.79289,7.715133606,162.9,23518.8,0.006926374,-5.3911,9.817809,1.251527219,
498,Xerox Holdings Corporation,XRX,0.012008,Information Technology,-28.78216,12.518454,91.649796,-43.653427,-55.435986,5.279831045,311,15047,0.020668572,3.1986,12.077453,1.402934405,
499,Gap Inc.,GPS,0.011454,Consumer Discretionary,-21.557545,-37.22145,-27.600933,-73.71648,-26.51726,5.571510626,50,8049,0.006211952,2.585,10.309272,2.659724431,
500,Kohl's Corporation,KSS,0.011329,Consumer Discretionary,26.83016,-32.123608,-19.158876,-77.70403,-53.722046,6.269005848,#N/A,12469,#N/A,4.8546,9.934684,1.966793657,
501,H&R Block Inc.,HRB,0.010343,Consumer Discretionary,0.5339503,-6.1514854,-3.3898354,-42.375668,-48.066296,4.439655172,#N/A,3299.945,#N/A,2.0388,7.7286034,10.14779758,
502,News Corporation Class B,NWS,0.006707,Communication Services,-29.216867,6.79971,27.359306,-30.293411,-11.937094,2.224694105,#N/A,15711,#N/A,0.2636,7.0548515,0.893431423,
503,Under Armour Inc. Class A,UAA,0.006608,Consumer Discretionary,22.453224,-6.6698194,22.241093,-60.85308,-61.94831,0,#N/A,4843.531,#N/A,0.2028,12.412319,4.538501622,
504,Under Armour Inc. Class C,UA,0.006352,Consumer Discretionary,21.396399,-6.87694,18.614721,-60.456474,-60.806526,0,#N/A,4843.531,#N/A,0.2028,12.12657,4.030021348,
505,Coty Inc. Class A,COTY,0.00421,Consumer Staples,-64.504776,-11.974615,79.11585,-56.028366,-59.49094,9.689922481,98.5,17710,0.005561829,-5.0375,13.072554,2.203338551,
506,Occidental Petroleum Corporation Warrant 2020-03.08.27 on Occidental Pete,OXY.WT,0.00053,#N/A,#N/A,#N/A,#N/A,#N/A,#N/A,#N/A,#N/A,#N/A,#N/A,#N/A,#N/A,#N/A,
